dyadid,side_b,newid,country.x,mediation,Af_neutral,Af_IO_EU_neutral,IO_neutral,neutral,ccode,dyadep,sum_hram,actorid,conflictid,war_start_yr,war_end_yr,pre98war,post98war,cross98war,warend_post98,sum_dhram,sum_dhram1,sum_thram,sum_dnhram1,sum_tnhram,sum_negot,sum_nvicterm,sum_dyam,sum_doppam1,sum_pcagam,sum_toppam,mean_blood,mean_v2xpolyarchy,mean_v2xpartipdem,obsid,max_rebstrength,max_centcontrol,mean_extraterritorial,max_govsupport,max_rebelsupport,max_rebpresosts,max_rebextpart,max_transconstrsupp,child.sol,sexcrime,fatality_estimate,sv,blood,intensity,fightcap,ethnic,rebcap,yearsatwar,judicialinde,demtrans,terrytory,numdyads
727,Hizb-i Demokratik-i Khalq-i Afghanistan,723,Afghanistan,0,,,,,700,72701,0,,137,1978,1978,1,0,0,0,0,0,0,0,0,0,0,1,0,0,0,0,0.085,0.029,NSA.3.4-1153,parity,yes,0,explicit,no,0,no,no,,,,,0,1,1,0,0,1,0.0119,0,0,1
411,Jamiat-i-Islami,5540,Afghanistan,0,,,,,700,41102,1,,137,1979,1996,1,0,0,0,0,0,3,12,0,0,3,9,12,0,3,0,0.086,0.025733333,NSA.3.4-1126,weaker,yes,0,explicit,explicit,1,no,no,1,,,1,0,1,1,0,-1,14,0.01426,0,0,5.6
412,Hezb-i-Islami,5541,Afghanistan,0,,,,,700,41205,3,,137,1980,2013,0,0,1,1,2,4,4,8,0,2,10,10,12,0,4,0.25,0.174041667,0.06525,NSA.3.4-1138,weaker,yes,0,,,1,,,1,,,1,1,1,1,0,,16,,0,0,4.375
731,Harakat-i Inqilab-i Islami-yi Afghanistan,1194,Afghanistan,0,,,,,700,73101,0,293,137,1980,1988,1,0,0,0,0,0,0,4,0,0,2,2,4,0,0,0,0.083777778,0.025555556,NSA.3.4-1156,much weaker,yes,0,explicit,explicit,0,no,no,,0,,,0,1,0,0,-2,9,0.012733333,0,0,7
732,Mahaz-i Milli-yi Islami-yi Afghanistan,1195,Afghanistan,0,,,,,700,73201,0,296,137,1980,1989,1,0,0,0,0,0,0,4,0,0,2,2,4,0,0,0,0.0847,0.0258,NSA.3.4-1159,much weaker,yes,0,explicit,explicit,0,no,no,,0,,,0,1,0,0,-2,10,0.01308,0,0,6.8
733,Jabha-yi Nijat-i Milli-yi Afghanistan,728,Afghanistan,0,,,,,700,73301,0,295,137,1980,1988,1,0,0,0,0,0,0,2,0,0,1,1,2,0,0,0,0.083777778,0.025555556,NSA.3.4-1162,much weaker,yes,0,explicit,explicit,0,no,no,,0,,,0,1,0,0,-2,9,0.012733333,0,0,7
760,Hizb-i Islami-yi Afghanistan - Khalis faction,2482,Afghanistan,0,,,,,700,76001,0,294,137,1980,1991,1,0,0,0,0,0,0,4,0,2,2,2,4,0,0,0,0.086,0.026,NSA.3.4-1171,much weaker,yes,0,explicit,explicit,0,no,no,,0,,,0,1,0,0,-2,12,0.013791667,0,0,6.416666667
735,Ittihad-i Islami Bara-yi Azadi-yi Afghanistan,730,Afghanistan,0,,,,,700,73503,0,297,137,1981,1988,1,0,0,0,0,0,0,2,0,0,1,1,2,0,0,0,0.083875,0.025625,NSA.3.4-1165,much weaker,yes,0,explicit,explicit,0,no,no,,0,,,0,1,0,0,-2,8,0.0128375,0,0,7.125
737,Harakat-i Islami-yi Afghanistan,731,Afghanistan,0,,,,,700,73701,0,298,137,1984,1984,1,0,0,0,0,0,0,0,0,0,1,0,0,0,0,0,0.083,0.025,NSA.3.4-1168,much weaker,yes,0,explicit,no,0,no,no,,0,,,0,1,0,0,-2,1,0.0123,0,0,8
413,Hezb-i-Wahdat,5542,Afghanistan,0,,,,,700,41301,0,,137,1989,1995,1,0,0,0,0,0,0,0,0,2,2,0,0,0,0,0,0.092142857,0.028,NSA.3.4-1141,parity,yes,0,explicit,explicit,1,major,explicit,1,,,1,0,1,1,0,0,7,0.017742858,0,0,3.857142857
476,Military Faction,5602,Afghanistan,0,,,,,700,47601,0,,137,1990,1990,1,0,0,0,0,0,0,0,0,0,0,0,0,0,0,0,0.092,0.027,NSA.3.4-1150,weaker,yes,0,,,,,,,,,,0,1,1,0,-1,1,0.017000001,0,0,5
422,Junbish-i Milli-yi Islami,5551,Afghanistan,0,,,,,700,42201,1,302,137,1993,1995,1,0,0,0,0,0,2,0,0,2,2,2,0,0,2,0,0.092,0.028333333,NSA.3.4-1144,parity,yes,0,explicit,explicit,0,no,no,,0,,,0,1,1,0,0,3,0.018300001,0,0,3.333333333
327,Taliban,5465,Afghanistan,0,,,,,700,32702,3,,137,1995,2014,0,0,1,1,4,8,2,8,0,0,0,10,16,0,2,0,0.319571429,0.129785714,NSA.3.4-1117,weaker,yes,0,,,,,,1,,,1,0,1,2,0,,12,,,0,1.857142857
423,UIFSA,5552,Afghanistan,0,,,,,700,42301,0,304,137,1996,2001,0,0,1,1,0,0,0,0,0,0,0,0,0,0,0,0.833333333,0.075,0.014833333,NSA.3.4-1147,weaker,yes,0,explicit,explicit,1,no,no,1,0,1,1,1,1,0,0,-1,6,0.019183334,0,0,1.333333333
2,Exile and Redemption,5175,Algeria,0,,,,,615,201,0,,191,1991,1991,1,0,0,0,0,0,0,0,0,0,3,0,0,0,0,0,0.358,0.143,NSA.3.4-1456,much weaker,,0,no,no,0,no,tacit,0,,,,0,0,0,0,-2,1,0.229699999,0,0,1
1,FIS,5174,Algeria,1,1,0,1,1,615,101,0,,191,1992,1997,1,0,0,0,0,0,0,4,2,2,2,4,4,0,2,0,0.230166667,0.097333333,NSA.3.4-1453,weaker,yes,0,explicit,alleged,1,alleged,explicit,1,,,1,0,0.833333333,0,0,-1,6,0.214383336,0,0,1.833333333
3,GIA,5176,Algeria,1,1,0,1,1,615,301,0,538,191,1993,2003,0,0,1,1,0,0,0,4,0,0,2,2,4,0,0,0,0.285727273,0.124909091,NSA.3.4-1459,much weaker,yes,0,explicit,explicit,1,alleged,tacit,1,0,1,1,0,1,0,0,-2,11,0.246609092,0,0,1.909090909
845,MUJAO,11984,Algeria,0,,,,,615,84501,0,,191,2012,2012,0,1,0,1,0,0,0,0,0,0,1,0,0,0,0,0,0.324,0.139,,,,,,,,,,,,,,0,1,0,0,,1,0.399100006,0,0,2
4,AQIM,5177,Algeria,1,1,0,0,1,615,401,1,539,191,1999,2014,0,1,0,1,2,4,0,0,0,0,0,2,4,0,0,0,0.3259375,0.14475,NSA.3.4-1462,much weaker,yes,0,explicit,no,0,no,no,,1,1,1,0,1,0,0,,16,,,0,1.375
7,UNITA,5180,Angola,1,0,0,1,1,540,702,5,567,131,1975,2002,0,0,1,1,6,12,4,8,0,2,4,14,20,8,4,0.192307692,0.102846154,0.035692308,NSA.3.4-1075,weaker,yes,0,no,no,1,no,no,1,1,1,1,1,1,1,0,0,21,0.216911539,0,0,1.192307692
190,FLEC�FAC,5347,Angola,1,0,0,0,1,540,19006,1,,192,1994,2009,0,0,1,1,0,0,2,0,0,0,12,2,0,2,2,0.75,0.171625,0.064125,NSA.3.4-1471,much weaker,yes,0,no,no,1,no,no,,,,,1,0,0,0,-2,3,0.2055375,0,1,1.375
568,FNLA,713,Angola,0,,,,,540,56801,0,,131,1975,1979,1,0,0,0,0,0,0,2,1,0,1,2,2,0,1,0,0.0734,0.018,NSA.3.4-1078,much weaker,yes,0,explicit,explicit,1,no,no,,,,,0,1,0,0,-2,5,0.261120003,0,0,2
191,FLEC,5348,Angola,1,0,0,0,1,540,19104,0,,192,1991,2002,0,0,1,1,0,0,0,0,0,2,8,0,0,0,0,0.5,0.1425,0.057,NSA.3.4-1477,much weaker,no,0,explicit,no,1,no,no,1,,,1,1,0,0,0,-2,1,0.184425,0,1,1.75
594,ERP,502,Argentina,0,,,,,160,59401,1,,50,1974,1977,1,0,0,0,0,0,0,0,0,0,0,1,0,0,0,0,0.33,0.243,NSA.3.4-346,much weaker,yes,0,no,no,0,no,no,,,,,0,0.5,0,0,-2,4,0.211025,0,0,1.75
590,Military faction (forces of Eduardo A. Lonardi Doucet),12087,Argentina,0,,,,,160,59001,0,,50,1955,1955,1,0,0,0,0,0,0,0,0,0,0,0,0,0,0,0,0.292,0.226,NSA.3.4-337,stronger,yes,0,no,no,0,no,no,,,,,0,0,2,0,1,1,0.122599997,0,0,2
810,Military faction (forces of Samuel Toranzo Calder�n),500,Argentina,0,,,,,160,81001,0,,50,1955,1955,1,0,0,0,0,0,0,0,0,0,0,0,0,0,0,0,0.292,0.226,NSA.3.4-349,,,0,no,no,0,no,,,,,,0,0,0,0,,1,0.122599997,0,0,2
592,Military faction (Colorados),501,Argentina,0,,,,,160,59201,0,,50,1963,1963,1,0,0,0,0,0,0,0,0,0,0,0,0,0,0,0,0.301,0.224,NSA.3.4-340,weaker,yes,0,no,no,0,no,no,,,,,0,0,1,0,-1,1,0.200800002,0,0,1
593,Montoneros,503,Argentina,0,,,,,160,59301,1,,50,1975,1977,1,0,0,0,0,0,0,0,0,0,0,1,0,0,0,0,0.248,0.2,NSA.3.4-343,much weaker,yes,0,no,no,0,no,no,,,,,0,0.666666667,0,0,-2,3,0.194666664,0,0,2
361,Republic of Nagorno-Karabakh,5495,Azerbaijan,0,,,,,373,36106,0,338,193,1991,2014,0,0,1,1,0,0,0,0,2,2,10,2,0,0,2,0,0.2458,0.0761,NSA.3.4-1483,weaker,yes,0,no,explicit,0,alleged,explicit,0,0,1,1,0,0.9,2,0,,4,,,1,1
362,Husseinov Military Faction,5496,Azerbaijan,0,,,,,373,36201,0,,201,1993,1993,1,0,0,0,0,0,0,0,2,0,0,2,0,0,2,0,0.344,0.087,NSA.3.4-1522,stronger,yes,0,no,explicit,1,no,no,0,,,,0,0,2,0,1,1,0.1435,0,0,1
407,OPON forces,845,Azerbaijan,0,,,,,373,40701,0,348,201,1995,1995,1,0,0,0,0,0,0,0,1,0,0,1,0,0,1,0,0.253,0.083,NSA.3.4-1525,weaker,yes,0,no,no,0,no,no,0,0,,,0,0,1,0,-1,1,0.111100003,0,0,1
223,JSS/SB/Shanti Bahini,10180,Bangladesh,0,,,,,771,22301,0,,126,1975,1991,1,0,0,0,0,0,0,10,2,2,2,8,10,2,2,0,0.278235294,0.150823529,NSA.3.4-1039,weaker,yes,0,no,alleged,1,no,no,1,,,1,0,0.235294118,0,0,-1,17,0.240523527,1,1,1
838,PBCP,10985,Bangladesh,0,,,,,771,83801,0,,275,2005,2005,0,1,0,1,0,0,0,0,0,0,1,0,0,0,0,0,0.487,0.242,,,,,,,,,,,,,,0,0,0,0,,1,0.331499994,0,0,2
839,PBCP-J,11991,Bangladesh,0,,,,,771,83901,0,,275,2005,2006,0,1,0,1,0,0,0,0,0,0,1,0,0,0,0,0,0.4505,0.226,,,,,,,,,,,,,,0,0,0,0,,2,0.314799994,0,0,1.5
462,Popular Revolutionary Movement,5590,Bolivia,0,,,,,145,46201,0,,1,1946,1946,1,0,0,0,0,0,0,0,0,0,0,0,0,0,0,0,0.105,0.052,NSA.3.4-1,parity,yes,0,no,no,0,no,no,,,,,0,1,1,0,0,1,,0,0,1
463,MNR,5591,Bolivia,0,,,,,145,46301,0,,1,1952,1952,1,0,0,0,0,0,0,0,0,0,0,0,0,0,0,0,0.134,0.061,NSA.3.4-4,weaker,yes,0,no,no,0,no,no,,,,,0,1,1,0,-1,1,0.061000001,0,0,1
464,ELN,5592,Bolivia,0,,,,,145,46401,0,744,1,1967,1967,1,0,0,0,0,0,0,0,0,0,0,0,0,0,0,0,0.185,0.053,NSA.3.4-7,much weaker,yes,0,explicit,explicit,0,no,no,1,1,1,1,0,1,0,0,-2,1,0.090000004,0,0,1
292,Serbian Republic of Bosnia and Herzegovina,835,Bosnia-Herzegovina,0,,,,,346,29201,1,339,194,1992,1995,1,0,0,0,0,0,0,0,0,1,1,0,0,1,0,1,0.222,0.10625,NSA.3.4-1486,parity,yes,0,explicit,explicit,1,major,explicit,1,1,,1,1,1,1,0,0,4,0.271650001,1,1,2
300,Serbian irregulars,5440,Bosnia-Herzegovina,0,,,,,346,30001,1,371,194,1992,1995,1,0,0,0,0,0,0,0,0,0,2,0,0,2,0,1,0.222,0.10625,NSA.3.4-1489,weaker,yes,0,,,,,,1,1,,1,1,1,1,0,-1,4,0.271650001,1,1,2
293,Croatian Republic of Bosnia and Herzegovina,5436,Bosnia-Herzegovina,0,,,,,346,29301,1,350,203,1993,1994,1,0,0,0,0,0,0,0,0,2,2,0,0,0,0,1,0.222,0.103,NSA.3.4-1531,parity,yes,0,,,,,,1,1,1,1,1,1,1,0,0,2,0.280599996,0,1,2
294,Autonomous Province of Western Bosnia,5437,Bosnia-Herzegovina,0,,,,,346,29401,1,349,202,1993,1995,1,0,0,0,0,0,0,0,0,0,0,0,0,0,0,1,0.211666667,0.101333333,NSA.3.4-1528,much weaker,yes,0,explicit,no,0,minor,no,0,0,,,1,0,0,0,-2,3,0.273166666,1,1,1
301,Croatian irregulars,5441,Bosnia-Herzegovina,0,,,,,346,30101,1,370,203,1993,1994,1,0,0,0,0,0,0,0,0,0,2,0,0,0,0,1,0.222,0.103,NSA.3.4-1534,weaker,yes,0,,,,,,0,0,,,1,1,1,0,-1,2,0.280599996,0,1,2
487,Popular Front,5649,Burkina Faso,0,,,,,439,48701,0,,165,1987,1987,1,0,0,0,0,0,0,0,0,0,0,0,0,0,0,0,0.159,0.089,NSA.3.4-1333,,yes,0,no,no,0,no,no,,,,,0,0,1,0,,1,0.145999998,0,0,1
485,Military faction (forces loyal to Gervais Nyangoma),5612,Burundi,0,,,,,516,48501,0,,90,1965,1965,1,0,0,0,0,0,0,0,0,0,0,0,0,0,0,0,0.181,0.071,NSA.3.4-664,weaker,yes,0,no,no,0,no,no,,,,,0,0,0,0,-1,1,0.103,0,0,1
11,Palipehutu,5184,Burundi,1,0,1,0,1,516,1101,0,430,90,1991,1992,1,0,0,0,0,0,0,0,0,0,2,0,0,0,0,0,0.128,0.1035,NSA.3.4-649,weaker,yes,0,explicit,no,1,no,tacit,1,0,,1,0,0,0,1,-1,2,0.082049999,0,0,1
12,CNDD,5185,Burundi,1,0,1,0,1,516,1201,0,431,90,1994,1998,0,0,1,1,0,0,0,0,0,0,2,0,0,0,0,0.8,0.2148,0.1512,NSA.3.4-652,weaker,yes,0,explicit,explicit,1,minor,tacit,,0,1,1,1,0.6,0,1,-1,5,0.096399999,0,0,1.8
13,Frolina,5186,Burundi,1,0,1,0,0,516,1301,0,433,90,1997,1997,1,0,0,0,0,0,0,0,0,0,2,0,0,0,0,1,0.185,0.142,NSA.3.4-655,much weaker,yes,0,explicit,no,0,no,tacit,1,0,,1,1,1,0,1,-2,1,0.102399997,0,0,3
15,Palipehutu-FNL,5188,Burundi,1,0,1,1,1,516,1502,0,,90,1997,2008,0,0,1,1,0,0,0,0,2,4,4,2,0,2,2,1,0.240454545,0.177090909,NSA.3.4-661,weaker,yes,0,explicit,no,1,no,tacit,1,,,1,1,1,0,1,-1,10,0.196727273,1,0,1.818181818
14,CNDD-FDD,5187,Burundi,1,0,1,1,0,516,1401,1,,90,1998,2003,0,1,0,1,2,4,0,0,0,2,2,2,4,0,0,1,0.190333333,0.142833333,NSA.3.4-658,weaker,yes,0,explicit,explicit,1,no,tacit,1,,,1,1,1,0,1,-1,6,0.149166667,0,0,2.166666667
364,Khmer Rouge/PDK,644,Cambodia (Kampuchea),0,,,,,811,36402,2,,103,1967,1998,0,0,1,1,2,4,0,0,0,0,0,2,4,0,0,0.206896552,0.183689655,0.06937931,NSA.3.4-829,weaker,yes,0,explicit,explicit,1,no,no,1,,,1,1,1,1,0,-1,20,0.059731034,1,0,1.827586207
378,KPNLF,5510,Cambodia (Kampuchea),0,,,,,811,37801,0,272,103,1979,1991,1,0,0,0,0,0,0,0,0,2,2,0,0,0,0,0,0.107,0.033,NSA.3.4-835,weaker,yes,0,explicit,explicit,1,no,no,1,0,,1,0,1,1,0,-1,13,0.045123076,1,0,2.769230769
553,KNUFNS,11872,Cambodia (Kampuchea),0,,,,,811,55301,0,,103,1979,1979,1,0,0,0,0,0,0,0,0,0,0,0,0,0,0,0,0.099,0.023,NSA.3.4-847,much weaker,yes,0,no,explicit,1,no,no,,,,,0,1,0,0,-2,1,0.044,0,0,3
379,FUNCINPEC/ANS,5511,Cambodia (Kampuchea),0,,,,,811,37903,0,,103,1982,1997,1,0,0,0,0,0,0,0,0,4,6,0,0,0,0,0,0.135,0.0465,NSA.3.4-844,weaker,yes,0,explicit,,1,no,no,1,,,1,0,1,1,0,-1,8,0.053,1,0,2.9
692,UPC,1185,Cameroon,0,,,,,471,69201,0,1076,158,1960,1961,1,0,0,0,0,0,0,0,0,0,2,0,0,0,0,0,0.165,0.087,NSA.3.4-1318,,,0,,,,,,,,1,1,0,1,0,0,,2,0.224550001,0,0,1
692,UPC,1185,Cameroon,0,,,,,471,69201,0,1053,158,1960,1961,1,0,0,0,0,0,0,0,0,0,2,0,0,0,0,0,0.165,0.087,NSA.3.4-1318,,,0,,,,,,,2,,1,0,1,0,0,,2,0.224550001,0,0,1
539,Military faction (forces of Ibrahim Saleh),780,Cameroon,0,,,,,471,53901,0,,158,1984,1984,1,0,0,0,0,0,0,0,1,0,0,1,0,0,1,0,0.177,0.108,NSA.3.4-1315,weaker,yes,0,no,no,0,no,no,,,,,0,1,1,0,-1,1,0.254500002,0,0,1
17,Military faction (forces of Andr� Kolingba),5190,Central African Republic,1,0,0,0,1,482,1701,0,,222,2001,2001,0,1,0,1,0,0,0,0,2,0,0,2,0,0,2,0,0.342,0.149,NSA.3.4-1612,weaker,,0,explicit,no,0,major,no,,,,,0,0,0,0,-1,1,0.270999998,0,0,1
287,Faction of Francois Bozize,5431,Central African Republic,1,0,0,0,1,482,28701,0,,222,2002,2002,0,1,0,1,0,0,0,0,0,0,0,0,0,0,0,0,0.342,0.148,NSA.3.4-1615,weaker,yes,0,explicit,alleged,1,no,no,1,,,1,0,0,2,0,-1,1,0.248500004,0,0,1
782,CPJP,876,Central African Republic,0,,,,,482,78201,0,,222,2009,2011,0,1,0,1,0,0,0,0,0,1,1,0,0,0,0,0,0.335666667,0.161,NSA.3.4-1621,parity,yes,0,explicit,no,0,alleged,no,,,,,0,0,0,0,0,3,0.218866666,0,0,1
832,Seleka,12088,Central African Republic,0,,,,,482,83201,0,,222,2012,2013,0,1,0,1,0,0,0,0,0,0,0,0,0,0,0,0.5,0.2925,0.133,,,,,,,,,,,,,,1,0,0,0,,2,,0,0,1.5
12380,anti-Balaka,12380,Central African Republic,0,,,,,482,1238001,0,,222,2013,2013,0,1,0,1,0,0,0,0,0,0,1,0,0,0,0,1,0.268,0.114,,,,,,,,,,,,,,1,0,0,0,,1,,0,0,2
628,UFDR,875,Central African Republic,1,0,0,1,0,482,62801,1,554,222,2006,2006,0,1,0,1,0,0,1,0,0,1,1,1,0,1,1,0,0.343,0.165,NSA.3.4-1618,weaker,yes,0,explicit,no,0,no,no,,1,1,1,0,0,0,1,-1,1,0.188800007,0,0,1
26,FARF,5198,Chad,0,,,,,483,2601,1,451,91,1997,1998,0,0,1,1,0,0,2,4,0,2,2,4,4,2,2,0.5,0.2815,0.139,NSA.3.4-694,much weaker,yes,0,explicit,no,1,no,no,0,0,1,1,1,1,0,0,-2,2,0.01905,0,0,1.5
656,FROLINAT,598,Chad,0,,,,,483,65601,0,,91,1966,1970,1,0,0,0,0,0,0,0,0,0,1,0,0,0,0,0,0.1894,0.071,NSA.3.4-709,weaker,yes,0,explicit,no,1,no,no,,,,,0,0.4,0,0,-1,5,0.01276,0,0,1
658,First Liberation Army,599,Chad,0,,,,,483,65801,0,,91,1971,1972,1,0,0,0,0,0,0,0,0,0,0,0,0,0,0,0,0.1885,0.07,NSA.3.4-712,weaker,yes,0,explicit,explicit,0,no,no,,,,,0,1,1,0,-1,2,0.01215,0,0,1.5
659,Second Liberation Army (Frolinat),600,Chad,0,,,,,483,65901,0,,91,1971,1971,1,0,0,0,0,0,0,0,0,0,1,0,0,0,0,0,0.191,0.071,NSA.3.4-715,weaker,yes,0,explicit,explicit,0,no,no,,,,,0,1,1,0,-1,1,0.0121,0,0,2
660,FAN,1179,Chad,0,,,,,483,66002,0,,91,1976,1982,1,0,0,0,0,0,0,0,0,2,2,0,0,0,0,0,0.088833333,0.052666667,NSA.3.4-718,parity,yes,0,no,explicit,1,no,no,,,,,0,1,1,0,0,4,0.010633333,0,0,1.5
661,FAP,602,Chad,0,,,,,483,66101,0,,91,1977,1979,1,0,0,0,0,0,0,0,0,0,0,0,0,0,0,0,0.091,0.053,NSA.3.4-721,weaker,yes,0,explicit,explicit,0,no,no,,,,,0,1,1,0,-1,3,0.010333333,0,0,1.666666667
662,FAT,603,Chad,0,,,,,483,66201,0,,91,1982,1982,1,0,0,0,0,0,0,0,0,0,1,0,0,0,0,0,0.08,0.051,NSA.3.4-724,weaker,yes,0,explicit,no,0,no,no,,,,,0,1,1,0,-1,1,0.0111,0,0,2
663,GUNT,1180,Chad,0,,,,,483,66302,0,441,91,1983,1986,1,0,0,0,0,0,0,0,0,0,4,0,0,0,0,0,0.08,0.051,NSA.3.4-727,parity,yes,0,explicit,explicit,0,no,no,,0,,,0,1,1,0,0,2,0.012133333,0,0,1
664,CDR,605,Chad,0,,,,,483,66401,0,455,91,1987,1987,1,0,0,0,0,0,0,0,0,1,1,0,0,0,0,0,0.08,0.051,NSA.3.4-730,weaker,yes,0,explicit,explicit,0,no,no,,0,,,0,1,1,0,-1,1,0.0134,0,0,1
18,Revolutionary Forces of 1 April,5191,Chad,0,,,,,483,1801,0,443,91,1989,1989,1,0,0,0,0,0,0,0,0,0,2,0,0,0,0,0,0.08,0.068,NSA.3.4-667,weaker,yes,0,no,explicit,1,no,no,,0,,,0,1,1,0,-1,1,0.0155,0,0,3
19,MOSANAT,5192,Chad,0,,,,,483,1901,0,444,91,1989,1989,1,0,0,0,0,0,0,0,0,0,2,0,0,0,0,0,0.08,0.068,NSA.3.4-670,weaker,yes,0,no,no,1,no,no,0,0,,,0,1,0,0,-1,1,0.0155,0,0,3
20,Islamic Legion,5193,Chad,0,,,,,483,2001,0,442,91,1989,1990,1,0,0,0,0,0,0,0,0,0,3,0,0,0,0,0.5,0.1,0.073,NSA.3.4-673,weaker,yes,0,explicit,explicit,1,no,no,0,0,,,1,1,0,0,-1,2,0.0159,0,0,2.5
23,MPS,5196,Chad,0,,,,,483,2301,0,445,91,1990,1990,1,0,0,0,0,0,0,0,0,0,2,0,0,0,0,0,0.12,0.078,NSA.3.4-682,weaker,yes,0,explicit,explicit,1,no,no,0,0,,,0,1,2,0,-1,1,0.0163,0,0,2
25,MDD [-FANT],5197,Chad,1,0,0,0,1,483,2502,0,,91,1991,1997,1,0,0,0,0,0,0,0,0,2,4,0,0,0,0,0.25,0.2005,0.11675,NSA.3.4-691,much weaker,yes,0,explicit,alleged,1,no,no,1,,,1,1,1,0,0,-2,3,0.01785,0,0,3
777,Military faction (forces of Maldoum Bada Abbas),611,Chad,0,,,,,483,77701,0,449,91,1991,1991,1,0,0,0,0,0,0,0,0,0,0,0,0,0,0,0,0.17,0.108,NSA.3.4-736,weaker,yes,0,explicit,no,0,no,no,,0,,,0,1,1,0,-1,1,0.017000001,0,0,2
21,CSNPD,5194,Chad,1,0,0,0,1,483,2101,0,448,91,1992,1994,1,0,0,0,0,0,0,4,0,2,2,2,4,0,0,0.333333333,0.176,0.109666667,NSA.3.4-676,weaker,yes,0,explicit,no,1,no,no,0,0,1,1,1,1,1,0,-1,3,0.017933333,0,0,3.666666667
22,CNR,5195,Chad,1,0,0,0,1,483,2201,0,447,91,1992,1994,1,0,0,0,0,0,0,0,0,0,2,0,0,0,0,0.333333333,0.176,0.109666667,NSA.3.4-679,much weaker,yes,0,explicit,no,1,no,no,0,0,,,1,1,0,0,-2,3,0.017933333,0,0,3.666666667
24,FNT,614,Chad,1,0,0,0,1,483,2401,0,450,91,1992,1994,1,0,0,0,0,0,0,0,0,1,1,0,0,0,0,0.333333333,0.176,0.109666667,NSA.3.4-685,weaker,yes,0,explicit,no,1,no,no,1,0,,1,1,1,0,0,-1,3,0.017933333,0,0,3.666666667
767,AN,620,Chad,0,,,,,483,76701,0,,91,2008,2008,0,1,0,1,0,0,0,0,0,0,1,0,0,0,0,0,0.276,0.144,NSA.3.4-733,weaker,yes,0,explicit,explicit,1,no,no,,,,,0,1,1,0,-1,1,0.029200001,0,0,1
783,UFR,621,Chad,0,,,,,483,78301,0,,91,2009,2009,0,1,0,1,0,0,0,0,0,0,1,0,0,0,0,0,0.279,0.144,NSA.3.4-739,weaker,yes,0,explicit,explicit,1,no,no,,,,,0,1,1,0,-1,1,0.030400001,0,0,1
807,PFNR,622,Chad,0,,,,,483,80701,0,,91,2010,2010,0,1,0,1,0,0,0,0,0,0,1,0,0,0,0,0,0.28,0.142,NSA.3.4-742,much weaker,yes,0,no,no,0,no,no,,,,,0,1,0,1,-2,1,0.031500001,0,0,1
27,MDJT,5199,Chad,1,0,0,0,1,483,2701,1,452,91,1999,2003,0,1,0,1,2,4,2,0,0,0,2,4,4,2,2,0,0.2818,0.1408,NSA.3.4-697,much weaker,yes,0,explicit,explicit,1,no,no,1,0,,1,0,1,0,0,,5,0.02162,0,0,1
455,FUCD,5583,Chad,1,0,1,0,0,483,45501,1,453,91,2005,2006,0,1,0,1,0,0,2,0,0,2,2,2,0,2,2,0,0.279,0.148,NSA.3.4-700,weaker,yes,0,explicit,explicit,1,no,no,,1,,1,0,1,1,0,-1,2,0.0263,0,0,2
633,RAFD,618,Chad,1,0,1,1,0,483,63301,1,454,91,2006,2006,0,1,0,1,0,0,1,0,0,0,1,1,0,1,1,0,0.278,0.147,NSA.3.4-703,weaker,yes,0,explicit,explicit,1,no,no,,0,,,0,1,0,0,-1,1,0.027000001,0,0,3
634,UFDD,619,Chad,1,0,1,1,0,483,63401,1,456,91,2006,2007,0,1,0,1,0,0,1,0,0,0,1,1,0,1,1,0,0.2755,0.146,NSA.3.4-706,weaker,yes,0,explicit,explicit,1,no,no,,0,,,0,1,1,0,-1,2,0.027550001,0,0,2
490,"Military faction (forces of Augusto Pinochet, Toribio Merino and Leigh Guzman)",934,Chile,0,,,,,155,49001,1,,125,1973,1973,1,0,0,0,0,0,0,0,0,0,0,2,0,0,0,0,0.315,0.113,NSA.3.4-1036,much stronger,yes,0,no,explicit,0,no,no,,,,,0,0,2,0,2,1,0.201499999,0,0,1
466,Peoples Liberation Army,5593,China,0,,,,,710,46601,0,,3,1946,1949,1,0,0,0,0,0,0,0,0,0,0,0,0,0,0,0,0.133,0.0495,NSA.3.4-13,weaker,yes,0,explicit,explicit,0,no,no,,,,,0,1,1,0,-1,4,,0,0,1
580,Taiwanese insurgents,945,China,0,,,,,710,58001,0,,18,1947,1947,1,0,0,0,0,0,0,0,0,0,0,0,0,0,0,0,0.145,0.052,NSA.3.4-67,much weaker,yes,0,no,no,0,no,no,,,,,0,1,0,0,-2,1,,0,1,1
606,Tibet,483,China,0,,,,,710,60603,0,,39,1950,1959,1,0,0,0,0,0,0,0,0,0,1,0,0,0,0,0,0.072333333,0.019333333,NSA.3.4-286,weaker,yes,0,no,explicit,0,no,no,,,,,0,0.666666667,0,0,-1,1,0.158866669,0,1,1
830,ETIM,11990,China,0,,,,,710,83001,0,,273,2008,2008,0,1,0,1,0,0,0,0,0,0,2,0,0,0,0,0,0.093,0.048,,,,,,,,,,,,,,0,0,0,0,,1,0.253500015,0,1,1
237,FARC,5384,Colombia,0,,,,,100,23703,1,,92,1964,2014,0,0,1,1,2,4,0,16,0,0,4,10,20,0,0,0.520833333,0.499645833,0.28275,NSA.3.4-748,weaker,yes,0,explicit,explicit,1,alleged,no,1,,,1,1,0.75,0,0,,41,,,0,1.875
342,ELN,5480,Colombia,0,,,,,100,34207,1,744,92,1966,2013,0,0,1,1,2,4,2,12,0,0,14,8,16,0,2,0.666666667,0.512033333,0.310966667,NSA.3.4-754,much weaker,yes,0,explicit,no,1,no,no,1,1,1,1,1,0.866666667,0,0,,23,,0,0,2.233333333
495,M-19,5656,Colombia,0,,,,,100,49503,1,745,92,1978,1988,1,0,0,0,2,4,0,6,4,2,6,8,10,2,4,0,0.448444444,0.189777778,NSA.3.4-763,much weaker,yes,0,explicit,explicit,0,no,no,,0,,,0,0.888888889,0,0,-2,6,0.551566667,0,0,2.666666667
343,EPL,5481,Colombia,0,,,,,100,34303,0,746,92,1984,2004,0,0,1,1,0,0,0,0,6,6,9,6,0,3,6,0.333333333,0.48,0.2615,NSA.3.4-760,much weaker,yes,0,explicit,no,0,no,no,1,0,,1,1,1,0,0,-2,4,0.53308334,0,0,3.333333333
158,Presidential guard,5321,Comoros,0,,,,,581,15801,0,,167,1989,1989,1,0,0,0,0,0,0,0,0,0,0,0,0,0,0,0,0.209,0.139,NSA.3.4-1336,parity,yes,0,explicit,no,0,major,no,,,,,0,0,1,0,0,1,0.289499998,0,0,1
35,MPA,5207,Comoros,1,1,1,0,0,581,3501,0,,213,1997,1997,1,0,0,0,0,0,0,0,0,0,0,0,0,0,0,0,0.468,0.287,NSA.3.4-1570,stronger,yes,0,no,no,0,no,no,,,,,0,0,0,0,1,1,0.44749999,0,1,1
36,Ninjas,5208,Congo,1,0,0,0,1,484,3602,1,546,214,1993,1999,0,0,1,1,0,0,0,0,2,4,4,2,0,2,2,0.666666667,0.268666667,0.175,NSA.3.4-1576,weaker,yes,0,no,no,0,no,no,1,1,,1,1,0.666666667,1,0,-1,2,0.174666661,0,0,2.333333333
37,Cocoyes,5209,Congo,1,0,0,0,1,484,3701,0,547,214,1997,1999,0,0,1,1,0,0,0,0,2,2,2,2,0,2,2,1,0.242333333,0.16,NSA.3.4-1579,weaker,yes,0,explicit,no,0,no,no,1,0,,1,1,1,1,0,-1,3,0.108499996,0,0,2.666666667
189,FDU,5611,Congo,1,0,1,0,0,484,18901,0,,214,1997,1997,1,0,0,0,0,0,0,0,0,0,0,0,0,0,0,1,0.395,0.259,NSA.3.4-1585,weaker,yes,0,no,explicit,0,no,no,0,,,,1,1,1,0,-1,1,0.164199993,0,0,2
38,Ntsiloulous,5210,Congo,1,0,0,0,1,484,3802,0,548,214,1998,2002,0,1,0,1,0,0,0,0,2,4,4,2,0,2,2,1,0.170666667,0.114,NSA.3.4-1582,weaker,yes,0,explicit,no,0,no,no,1,0,1,1,1,1,1,0,-1,2,0.085866665,0,0,2.333333333
581,National Liberation Army,1171,Costa Rica,0,,,,,94,58101,0,,27,1948,1948,1,0,0,0,0,0,0,0,0,0,0,0,0,0,0,0,0.224,0.134,NSA.3.4-166,stronger,yes,0,explicit,no,0,no,no,,,,,0,1,1,0,1,1,0.682200015,0,0,1
291,Serbian irregulars,5435,Croatia,0,,,,,344,29101,0,371,195,1992,1992,1,0,0,0,0,0,0,2,2,0,2,2,2,0,2,0,0.267,0.182,NSA.3.4-1492,weaker,yes,0,,,,,,1,1,,1,0,0,1,0,-1,1,0.352899998,0,1,2
303,Serbian Republic of Krajina,5443,Croatia,0,,,,,344,30302,0,340,195,1992,1995,1,0,0,0,0,0,0,0,2,4,4,2,0,2,2,0,0.347333333,0.212,NSA.3.4-1495,weaker,yes,0,explicit,explicit,,major,explicit,0,1,,1,0,0.333333333,1,0,-1,2,0.365066667,0,1,1.333333333
600,Military Faction - 26th of July Movement,1172,Cuba,0,,,,,40,60002,0,,45,1953,1958,1,0,0,0,0,0,0,0,0,0,0,0,0,0,0,0,0.2525,0.18,NSA.3.4-307,weaker,yes,0,no,no,0,no,no,,,,,0,0.25,1,0,-1,3,0.078350001,0,0,1
602,National Revolutionary Council,491,Cuba,0,,,,,40,60003,0,,45,1961,1961,1,0,0,0,0,0,0,0,0,0,0,0,0,0,0,0,0.07,0.038,NSA.3.4-310,weaker,yes,0,explicit,explicit,1,no,no,,,,,0,1,1,0,-1,1,0.046500001,0,0,1
43,FRUD,5215,Djibouti,0,,,,,522,4301,0,530,184,1991,1994,1,0,0,0,0,0,0,4,0,2,2,2,4,0,0,0,0.21375,0.0945,NSA.3.4-1399,parity,yes,0,no,no,0,no,tacit,1,1,,1,0,0,1,1,0,4,0.216525003,0,0,1
44,FRUD � AD,5216,Djibouti,1,0,0,0,1,522,4401,0,,184,1999,1999,0,1,0,1,0,0,0,0,0,2,2,0,0,0,0,0,0.249,0.117,NSA.3.4-1402,weaker,yes,0,explicit,alleged,0,no,tacit,,,,,0,0,0,1,-1,1,0.211600006,1,0,1
493,Military faction (Constitutionalists),627,Dominican Republic,0,,,,,42,49301,0,,93,1965,1965,1,0,0,0,0,0,0,0,1,0,1,1,0,0,1,0,0.154,0.127,NSA.3.4-766,stronger,yes,0,explicit,no,0,no,no,,,,,0,0,1,0,1,1,0.197899997,0,0,1
588,Independent Mining State of South Kasai,552,DR Congo (Zaire),0,,,,,490,58801,0,,69,1960,1962,1,0,0,0,0,0,0,0,0,0,0,0,0,0,0,0,0.293666667,0.156,NSA.3.4-529,weaker,yes,0,explicit,,0,no,no,,,,,0,0,0,0,-1,3,,0,1,1
587,Katanga,551,DR Congo (Zaire),0,,,,,490,58701,0,,68,1961,1962,1,0,0,0,0,0,0,0,0,0,0,0,0,0,0,0,0.2905,0.155,NSA.3.4-526,parity,yes,0,explicit,explicit,0,major,no,,,,,0,0,1,0,0,2,,0,1,1
679,CNL,581,DR Congo (Zaire),0,,,,,490,67901,0,,86,1964,1965,1,0,0,0,0,0,0,0,0,0,0,0,0,0,0,0,0.249,0.143,NSA.3.4-628,weaker,yes,0,explicit,explicit,1,no,no,,,,,0,1,1,0,-1,2,0.041100001,0,0,1
680,Opposition militias,1183,DR Congo (Zaire),0,,,,,490,68001,0,,86,1967,1967,1,0,0,0,0,0,0,0,0,0,0,0,0,0,0,0,0.108,0.11,NSA.3.4-631,weaker,,0,,,,,,,,,,0,1,0,0,-1,1,0.035,0,0,1
681,FLNC,583,DR Congo (Zaire),0,,,,,490,68101,0,,86,1977,1978,1,0,0,0,0,0,0,0,0,0,0,0,0,0,0,0,0.1485,0.1205,NSA.3.4-634,weaker,yes,0,explicit,explicit,1,no,no,,,,,0,1,1,0,-1,2,0.032399999,0,0,1
39,AFDL,5211,DR Congo (Zaire),1,0,1,0,0,490,3901,0,422,86,1996,1997,1,0,0,0,0,0,0,0,0,0,0,0,0,0,0,1,0.1495,0.1165,NSA.3.4-616,parity,yes,0,no,explicit,1,no,no,1,0,1,1,1,1,1,0,0,2,0.035750002,0,0,1
40,RCD,5212,DR Congo (Zaire),1,0,1,0,0,490,4001,0,424,86,1998,2001,0,1,0,1,0,0,0,6,3,3,3,6,6,6,3,1,0.1525,0.09675,NSA.3.4-619,parity,yes,0,explicit,explicit,1,major,tacit,1,1,1,1,1,1,1,0,0,4,0.041374999,0,0,1.75
41,MLC,5213,DR Congo (Zaire),1,0,1,0,0,490,4101,0,423,86,1998,2000,0,1,0,1,0,0,0,6,3,3,3,6,6,6,3,1,0.150333333,0.096666667,NSA.3.4-622,weaker,yes,0,explicit,explicit,1,no,no,1,1,,1,1,1,1,0,-1,3,0.040733332,0,0,2
651,BDK,949,DR Congo (Zaire),0,,,,,490,65101,0,561,254,2007,2008,0,1,0,1,0,0,0,0,2,0,0,2,0,0,2,1,0.3625,0.2285,NSA.3.4-1678,weaker,yes,0,no,no,0,no,no,,0,,,1,0,0,0,-1,2,0.144999996,0,1,1
856,Kata Katanga,12009,DR Congo (Zaire),0,,,,,490,85601,0,,68,2013,2014,0,1,0,1,0,0,0,0,0,0,0,0,0,0,0,1,0.3285,0.215,,,,,,,,,,,,,,1,0,0,0,,2,,,1,1
857,Forces of Paul Joseph Mukungubila,12463,DR Congo (Zaire),0,,,,,490,1246301,0,,86,2013,2013,0,1,0,1,0,0,0,0,0,0,0,0,0,0,0,1,0.326,0.214,,,,,,,,,,,,,,,,,,,,,,,
858,APCLS,10509,DR Congo (Zaire),0,,,,,490,85801,0,,86,2013,2014,0,1,0,1,0,0,0,0,0,0,0,0,0,0,0,1,0.3285,0.215,,,,,,,,,,,,,,1,1,0,0,,2,,,0,2.5
814,PARC-FAAL,11377,DR Congo (Zaire),0,,,,,490,1137701,0,,86,2014,2014,0,1,0,1,0,0,0,0,0,0,0,0,0,0,0,0,0.331,0.216,,,,,,,,,,,,,,,,,,,,,,,
646,CNDP,588,DR Congo (Zaire),1,0,0,1,0,490,64602,1,426,86,2006,2013,0,1,0,1,1,2,0,1,1,1,1,3,3,1,1,1,0.3286,0.217,NSA.3.4-625,weaker,yes,0,no,alleged,0,no,no,,1,1,1,1,1,0,0,,3,,1,0,1.4
241,al-Gamaa al-Islamiyya,5388,Egypt,0,,,,,651,24101,0,,196,1993,1998,0,0,1,1,0,0,0,0,2,2,2,2,0,0,2,0,0.2155,0.088,NSA.3.4-1498,weaker,,0,explicit,explicit,1,major,explicit,1,,,1,0,0,0,0,-1,6,0.374283334,0,0,1
877,Ansar Bayt al-Maqdis,12487,Egypt,0,,,,,651,1248701,0,,196,2014,2014,0,1,0,1,0,0,0,0,0,0,0,0,0,0,0,0,0.147,0.064,,,,,,,,,,,,,,,,,,,,,,,
225,FMLN,5374,El Salvador,0,,,,,92,22501,2,755,120,1980,1991,1,0,0,0,3,6,3,21,0,3,3,18,27,3,3,0,0.174333333,0.130666667,NSA.3.4-1006,weaker,yes,0,explicit,explicit,0,no,tacit,1,0,,1,0,0.916666667,0,0,-1,12,0.379599998,1,0,1
514,Military faction (forces of Benjamin Mejia),694,El Salvador,0,,,,,92,51401,0,,120,1972,1972,1,0,0,0,0,0,0,0,0,0,0,0,0,0,0,0,0.184,0.115,NSA.3.4-1015,much weaker,yes,0,no,no,0,no,no,,,,,0,0,1,0,-2,1,0.3671,0,0,1
508,FPL,11704,El Salvador,0,,,,,92,50801,0,,120,1979,1979,1,0,0,0,0,0,0,0,0,0,2,0,0,0,0,0,0.156,0.109,NSA.3.4-1009,much weaker,yes,0,explicit,explicit,0,no,tacit,,,,,0,0,0,0,-2,1,0.343199998,1,0,2
510,ERP,937,El Salvador,0,,,,,92,51001,0,,120,1979,1979,1,0,0,0,0,0,0,0,0,0,2,0,0,0,0,0,0.156,0.109,NSA.3.4-1012,much weaker,yes,0,explicit,explicit,0,no,tacit,,,,,0,0,0,0,-2,1,0.343199998,1,0,2
435,EIJM,5563,Eritrea,0,,,,,531,43503,0,,130,1997,2003,0,0,1,1,0,0,0,0,0,0,9,0,0,0,0,0,0.107666667,0.016,NSA.3.4-1057,much weaker,yes,0,no,explicit,1,no,tacit,0,,,,0,0,0,0,-2,1,0.310599998,0,0,1
792,Ogaden Liberation Front,716,Ethiopia,0,,,,,530,79201,1,,133,1964,1964,1,0,0,0,0,0,0,0,0,0,0,0,0,0,0,0,0.093,0.019,NSA.3.4-1090,weaker,,0,,,,,,,,,,0,0,0,0,-1,1,0.031399999,0,1,1
755,Military faction (forces of Mengistu Neway),553,Ethiopia,0,,,,,530,75501,0,,70,1960,1960,1,0,0,0,0,0,0,0,0,0,0,0,0,0,0,0,0.094,0.019,NSA.3.4-553,weaker,yes,0,no,no,0,no,no,,,,,0,0,1,0,-1,1,0.035399999,0,0,1
667,ELF,570,Ethiopia,0,,,,,530,66701,0,,78,1964,1980,1,0,0,0,0,0,0,2,0,0,1,1,2,0,0,0,0.086235294,0.017764706,NSA.3.4-595,weaker,yes,0,explicit,no,1,no,no,,,,,0,0.352941176,0,0,-1,17,0.081388236,0,1,1.411764706
53,EPLF,5222,Ethiopia,0,,,,,530,5302,0,416,78,1973,1991,1,0,0,0,0,0,0,6,0,0,2,4,6,0,0,0.166666667,0.095222222,0.021111111,NSA.3.4-589,weaker,yes,0,explicit,explicit,0,no,no,1,0,,1,1,0.944444444,1,0,-1,17,0.143177778,0,1,1.388888889
51,ALF,5220,Ethiopia,0,,,,,530,5101,0,,168,1975,1976,1,0,0,0,0,0,0,0,0,0,2,0,0,0,0,0,0.075,0.0155,NSA.3.4-1339,much weaker,yes,0,no,no,0,no,explicit,,,,,0,0,0,0,-2,2,0.125100002,0,1,1
46,TPLF,5218,Ethiopia,0,,,,,530,4602,0,410,70,1976,1988,1,0,0,0,0,0,0,0,0,0,4,0,0,0,0,0,0.080666667,0.017916667,NSA.3.4-532,weaker,yes,0,explicit,no,1,no,no,,0,,,0,1,0,0,-1,11,0.143433332,0,0,1.75
50,EPRP,5219,Ethiopia,0,,,,,530,5002,0,,70,1976,1987,1,0,0,0,0,0,0,0,0,0,4,0,0,0,0,0,0.0765,0.018166667,NSA.3.4-547,much weaker,yes,0,explicit,explicit,1,no,no,,,,,0,1,0,0,-2,4,0.136633334,0,0,2.333333333
522,WSLF,1165,Ethiopia,0,,,,,530,52201,0,,133,1976,1983,1,0,0,0,0,0,0,0,0,0,0,0,0,0,0,0,0.072,0.01575,NSA.3.4-1087,weaker,yes,0,explicit,explicit,1,no,tacit,,,,,0,0.875,0,0,-1,8,0.1472125,0,1,1
55,OLF,5224,Ethiopia,1,0,0,0,1,530,5505,0,551,219,1977,2013,0,0,1,1,0,0,0,0,0,0,15,0,0,0,0,0.6875,0.182875,0.06446875,NSA.3.4-1600,weaker,yes,0,no,no,1,no,no,1,0,,1,1,0.90625,0,0,,16,,1,1,1
754,EDU,556,Ethiopia,0,,,,,530,75401,0,,70,1977,1978,1,0,0,0,0,0,0,2,1,0,1,1,2,0,1,0,0.072,0.015,NSA.3.4-550,weaker,yes,0,explicit,explicit,1,no,no,,,,,0,1,1,0,-1,2,0.148800001,0,0,2
796,SALF,903,Ethiopia,0,,,,,530,79601,0,,261,1977,1980,1,0,0,0,0,0,0,0,0,0,1,0,0,0,0,0,0.072,0.015,NSA.3.4-1699,weaker,yes,0,explicit,alleged,1,major,tacit,,,,,0,0,0,0,-1,4,0.15165,0,1,1
47,EPDM,557,Ethiopia,0,,,,,530,4701,0,412,70,1983,1985,1,0,0,0,0,0,0,0,0,0,1,0,0,0,0,0,0.072,0.017,NSA.3.4-535,much weaker,yes,0,explicit,no,0,no,no,,0,,,0,1,0,0,-2,3,0.134966666,0,0,2.666666667
791,SLM,904,Ethiopia,0,,,,,530,79101,0,,262,1983,1983,1,0,0,0,0,0,0,0,0,0,0,0,0,0,0,0,0.072,0.017,NSA.3.4-1702,much weaker,,0,,alleged,,,,,,,,0,0,0,0,-2,1,0.139799997,0,1,1
48,EPRDF,558,Ethiopia,0,,,,,530,4801,0,414,70,1989,1991,1,0,0,0,0,0,0,0,0,0,0,0,0,0,0,1,0.167,0.038,NSA.3.4-538,weaker,yes,0,explicit,explicit,0,no,no,,0,,,1,1,1,0,-1,3,0.173166667,0,0,1.666666667
49,Military faction (forces of Amsha Desta and Merid Negusie),12471,Ethiopia,0,,,,,530,4901,0,413,70,1989,1989,1,0,0,0,0,0,0,0,0,0,0,0,0,0,0,1,0.149,0.025,NSA.3.4-541,weaker,yes,0,no,no,0,no,no,,0,,,1,1,1,0,-1,1,0.158600003,0,0,2
811,IGLF,10006,Ethiopia,0,,,,,530,81101,0,,268,1991,1991,1,0,0,0,0,0,0,0,0,0,2,0,0,0,0,0,0.202,0.062,NSA.3.4-1720,much weaker,yes,0,no,no,0,no,yes,,,,,0,0,0,1,-2,1,0.188299999,0,1,1
852,Military faction (Harar garrison),12104,Ethiopia,0,,,,,530,85201,0,,70,1991,1991,1,0,0,0,0,0,0,0,0,0,0,0,0,0,0,0,0.202,0.062,,,,,,,,,,,,,,0,1,0,0,,1,0.188299999,0,0,2
283,al-Itahad al-Islami,5427,Ethiopia,0,,,,,530,28303,0,542,133,1993,1999,0,0,1,1,0,0,0,0,0,0,4,0,0,0,0,0,0.242333333,0.095,NSA.3.4-1084,much weaker,,0,no,explicit,1,major,tacit,1,0,,1,0,1,0,0,-2,1,0.298599993,0,1,1.666666667
54,ONLF,5223,Ethiopia,1,0,0,1,1,530,5403,0,497,133,1994,2014,0,0,1,1,0,0,0,0,0,0,2,0,0,0,0,0.421052632,0.239052632,0.093368421,NSA.3.4-1081,much weaker,yes,0,,,,,,1,0,1,1,1,1,0,0,,17,,,1,1.105263158
52,ARDUF,5221,Ethiopia,0,,,,,530,5201,0,,168,1996,1996,1,0,0,0,0,0,0,0,0,0,3,0,0,0,0,0,0.247,0.097,NSA.3.4-1342,weaker,yes,0,no,no,1,major,explicit,,,,,0,0,0,0,-1,1,0.31099999,0,1,1
584,OAS,563,France,0,,,,,220,58401,0,,73,1961,1962,1,0,0,0,0,0,0,0,0,0,0,0,0,0,0,0,0.762,0.572,NSA.3.4-562,much weaker,yes,1,no,no,0,no,no,,,,,0,1,0,0,-2,2,0.296700001,0,0,1
583,Military faction (forces loyal to L�on M'Ba),589,Gabon,0,,,,,481,58301,0,,87,1964,1964,1,0,0,0,0,0,0,0,0,0,0,0,0,0,0,0,0.14,0.086,NSA.3.4-637,much weaker,yes,0,explicit,no,0,no,no,,,,,0,0,0,0,-2,1,0.087700002,0,0,1
547,SRLP,765,Gambia,0,,,,,420,54701,0,,149,1981,1981,1,0,0,0,0,0,0,0,1,0,0,1,0,0,1,0,0.454,0.192,NSA.3.4-1270,weaker,yes,0,explicit,no,0,no,no,,,,,0,0,1,0,-1,1,0.460599989,0,0,1
239,Anti-government alliance,5386,Georgia,0,,,,,372,23901,0,,185,1991,1992,1,0,0,0,0,0,0,0,2,0,0,2,0,0,2,0,0.287,0.086,NSA.3.4-1405,parity,no,0,no,no,0,no,no,0,,,,0,0,1,0,0,2,0.369500011,1,0,1.5
259,Republic of Abkhazia,5405,Georgia,0,,,,,372,25901,0,342,197,1992,1993,1,0,0,0,0,0,0,0,0,2,2,0,0,0,0,0,0.305,0.0895,NSA.3.4-1501,weaker,yes,0,explicit,no,0,major,explicit,1,1,1,1,0,0.5,1,0,-1,2,0.363250002,0,1,1
289,Zviadists,5433,Georgia,0,,,,,372,28901,0,333,185,1992,1993,1,0,0,0,0,0,0,0,0,0,0,0,0,0,0,0,0.305,0.0895,NSA.3.4-1408,weaker,yes,0,no,no,0,no,no,0,0,,,0,0,0,0,-1,2,0.363250002,0,0,1.5
297,Republic of South Ossetia,840,Georgia,0,,,,,372,29703,0,343,198,1992,2008,0,0,1,1,0,0,0,0,0,3,3,0,0,0,0,0,0.442666667,0.247333333,NSA.3.4-1510,weaker,yes,0,no,no,0,no,tacit,0,2,,1,0,0,1,0,-1,1,0.364533335,0,1,1
502,Military Faction,12004,Ghana,0,,,,,452,50201,0,,98,1966,1966,1,0,0,0,0,0,0,0,0,0,0,0,0,0,0,0,0.144,0.077,NSA.3.4-793,stronger,yes,0,no,no,0,no,no,,,,,0,0,2,0,1,1,0.062100001,0,0,1
503,Military faction (forces of Jerry John Rawlings),11390,Ghana,0,,,,,452,50301,0,,98,1981,1981,1,0,0,0,0,0,0,0,2,0,0,2,0,0,2,0,0.193,0.123,NSA.3.4-796,much stronger,yes,0,no,no,0,no,no,,,,,0,0,2,0,2,1,0.1219,0,0,1
504,Military faction (forces of Ekow Dennis and Edward Adjei-Ampofo),10899,Ghana,0,,,,,452,50401,0,,98,1983,1983,1,0,0,0,0,0,0,0,0,0,0,0,0,0,0,0,0.102,0.085,NSA.3.4-799,weaker,yes,0,no,no,0,no,no,,,,,0,0,1,0,-1,1,0.082900003,0,0,1
467,DSE,5594,Greece,0,,,,,350,46701,0,,4,1946,1949,1,0,0,0,0,0,0,0,0,0,0,0,0,0,0,0,0.25475,0.13725,NSA.3.4-16,weaker,yes,0,explicit,explicit,0,no,no,,,,,0,1,1,0,-1,4,,0,0,1
228,URNG,5377,Guatemala,0,,,,,90,22801,4,732,36,1982,1995,1,0,0,0,6,10,0,4,2,2,2,14,14,6,2,0,0.308214286,0.203285714,NSA.3.4-208,weaker,yes,0,explicit,no,1,no,no,1,0,,1,0,1,0,0,-1,14,0.301050003,1,0,1
621,Military Faction,463,Guatemala,0,,,,,90,62101,0,,36,1949,1949,1,0,0,0,0,0,0,0,0,0,0,0,0,0,0,0,0.389,0.223,NSA.3.4-211,weaker,yes,0,no,no,0,no,no,,,,,0,0,1,0,-1,1,0.156299993,0,0,1
622,Forces of Carlos Castillo Armas,464,Guatemala,0,,,,,90,62201,0,,36,1954,1954,1,0,0,0,0,0,0,0,0,0,0,0,0,0,0,0,0.267,0.168,NSA.3.4-214,parity,yes,0,no,explicit,1,no,no,,,,,0,0,1,0,0,1,0.101199999,0,0,1
624,FAR,465,Guatemala,0,,,,,90,62403,0,,36,1963,1981,1,0,0,0,0,0,0,0,0,0,3,0,0,0,0,0,0.15925,0.097,NSA.3.4-220,much weaker,yes,0,explicit,no,0,no,no,,,,,0,0.666666667,0,0,-2,10,0.235408333,1,0,1.666666667
694,MR-13/FAR II,1186,Guatemala,0,,,,,90,69401,0,,36,1970,1981,1,0,0,0,0,0,0,0,0,0,2,0,0,0,0,0,0.170916667,0.100416667,NSA.3.4-229,much weaker,yes,0,explicit,no,0,no,no,,,,,0,1,0,0,-2,12,0.277441668,0,0,2.333333333
625,EGP,947,Guatemala,0,,,,,90,62501,0,,36,1975,1981,1,0,0,0,0,0,0,0,0,0,2,0,0,0,0,0,0.168142857,0.102428571,NSA.3.4-223,much weaker,yes,0,explicit,no,0,no,no,,,,,0,1,0,0,-2,7,0.285342859,0,0,2.571428571
627,ORPA,468,Guatemala,0,,,,,90,62701,0,,36,1979,1981,1,0,0,0,0,0,0,0,0,0,1,0,0,0,0,0,0.164,0.097666667,NSA.3.4-226,much weaker,yes,0,explicit,no,0,no,no,,,,,0,1,0,0,-2,3,0.290333331,0,0,3.333333333
57,RFDG,5226,Guinea,1,0,1,0,0,438,5701,0,463,111,2000,2001,0,1,0,1,0,0,0,0,2,0,2,2,0,2,2,0,0.276,0.1545,NSA.3.4-853,weaker,,0,no,no,1,no,no,0,0,,,0,0,0,0,-1,2,0.157700002,0,0,1
58,"Military Junta for the Consolidation of Democracy, Peace and Justice",5227,Guinea-Bissau,1,1,1,0,0,404,5801,0,549,216,1998,1999,0,1,0,1,0,0,0,0,2,0,0,2,0,0,2,0,0.367,0.1475,NSA.3.4-1588,stronger,yes,0,explicit,no,0,no,no,,0,,,0,0,2,0,1,2,0.237049997,0,0,1
244,Military faction (forces of Himmler Rebu and Guy Francois),5391,Haiti,0,,,,,41,24401,0,763,186,1989,1989,1,0,0,0,0,0,0,0,0,0,0,0,0,0,0,0,0.2,0.106,NSA.3.4-1411,weaker,yes,0,no,no,0,no,no,,0,,,0,0,1,0,-1,1,0.078400001,1,0,1
251,Military faction (forces of Raol C�dras),5397,Haiti,0,,,,,41,25101,0,,186,1991,1991,1,0,0,0,0,0,0,0,0,0,0,2,0,0,0,0,0.317,0.185,NSA.3.4-1414,stronger,yes,0,no,no,0,no,no,,,,,0,0,2,0,1,1,0.084600002,0,0,1
440,FLRN,5568,Haiti,0,,,,,41,44001,0,765,186,2004,2004,0,1,0,1,0,0,0,0,0,0,0,0,0,0,0,0,0.254,0.171,NSA.3.4-1417,parity,yes,0,no,no,0,no,no,,0,,,0,0,1,0,0,1,0.191100001,1,0,2
441,OP Lavalas (Chim�res),5569,Haiti,0,,,,,41,44101,0,,186,2004,2004,0,1,0,1,0,0,0,0,0,0,2,0,0,0,0,0,0.254,0.171,NSA.3.4-1420,weaker,yes,0,no,no,0,no,no,,,,,0,0,0,0,-1,1,0.191100001,1,0,2
756,CPI,12618,Hyderabadh,0,,,,,,75601,0,,19,1947,1948,1,0,0,0,0,0,0,0,0,0,5,0,0,0,0,0,0.087625,0.062,NSA.3.4-70,weaker,yes,0,,,,,,,,,,0,1,0,0,-1,2,,,0,1
689,CPI,449,India,0,,,,,750,68901,0,,29,1948,1951,1,0,0,0,0,0,0,0,0,0,1,0,0,0,0,0,0.242,0.1805,NSA.3.4-178,much weaker,yes,0,no,no,0,no,no,,,,,0,1,0,0,-2,4,0.619800001,0,0,1
711,NNC,507,India,0,,,,,750,71102,0,,54,1956,1968,1,0,0,0,0,0,0,0,1,0,2,1,0,1,1,0,0.67125,0.391916667,NSA.3.4-364,much weaker,yes,0,,,,,,,,,,0,0.833333333,0,0,-2,8,0.643691664,0,1,1
505,MNF,11942,India,0,,,,,750,50501,0,,99,1966,1968,1,0,0,0,0,0,0,0,2,0,2,2,0,2,2,0,0.669,0.390666667,NSA.3.4-802,much weaker,yes,0,no,no,0,no,no,,,,,0,0,0,0,-2,3,0.648166656,0,1,1
690,Naxalites/CPI [-Marxist],1184,India,0,,,,,750,69001,0,,29,1969,1971,1,0,0,0,0,0,0,0,0,0,0,0,0,0,0,0,0.664,0.385333333,NSA.3.4-181,weaker,yes,0,no,no,0,no,no,,,,,0,1,0,0,-1,3,0.648466667,0,0,1
515,TNV,738,India,0,,,,,750,51501,0,305,139,1979,1988,1,0,0,0,0,0,0,0,0,1,1,0,0,0,0,0,0.6697,0.4207,NSA.3.4-1183,much weaker,yes,0,no,no,1,no,no,,0,,,0,0,0,0,-2,10,0.68858,0,1,1
325,PLA,5463,India,0,,,,,750,32506,0,314,152,1982,2006,0,0,1,1,0,0,0,0,0,3,18,0,0,0,0,0,0.703846154,0.453615385,NSA.3.4-1282,much weaker,yes,0,no,no,0,no,no,1,0,,1,0,0,0,0,,7,0.701169229,0,1,1.230769231
387,Sikh insurgents,5519,India,0,,,,,750,38701,0,319,156,1983,1993,1,0,0,0,0,0,0,0,0,0,2,0,0,0,0,0.363636364,0.693090909,0.441909091,NSA.3.4-1297,much weaker,no,0,no,alleged,1,no,explicit,0,1,1,1,1,0.636363636,0,0,-2,11,0.70174545,0,1,1
309,ABSU,5447,India,0,,,,,750,30901,0,362,227,1989,1990,1,0,0,0,0,0,0,0,0,0,2,0,0,0,0,0.5,0.692,0.44,NSA.3.4-1645,much weaker,yes,0,no,no,0,no,no,0,0,1,1,1,0,0,1,-2,2,0.706149995,0,1,1
296,UFLA,12344,India,0,,,,,750,29602,0,,170,1990,2010,0,0,1,1,0,0,0,4,2,4,4,4,4,0,2,1,0.732722222,0.482722222,NSA.3.4-1348,much weaker,yes,0,explicit,alleged,1,no,no,,,,,1,0.166666667,0,0,,17,0.705305563,0,1,1
355,Kashmir Insurgents,5490,India,0,,,,,750,35501,0,325,169,1990,2014,0,0,1,1,0,0,0,6,0,0,0,3,6,0,0,1,0.7252,0.476,NSA.3.4-1345,much weaker,no,0,no,explicit,1,major,explicit,1,1,1,1,1,0.92,0,0,,25,,,1,1
405,Naxalites/PWG,5535,India,0,,,,,750,40502,0,,29,1991,2004,0,0,1,1,0,0,0,0,2,0,4,2,0,0,2,0.846153846,0.739923077,0.486846154,NSA.3.4-169,much weaker,yes,0,no,alleged,0,minor,no,1,,,1,1,1,0,0,-2,9,0.711246156,0,0,1.538461538
262,ATTF,5408,India,0,,,,,750,26202,0,306,139,1992,1997,1,0,0,0,0,0,0,0,0,2,4,0,0,0,0,0,0.741,0.486,NSA.3.4-1177,much weaker,no,0,no,alleged,1,no,no,1,0,1,1,0,0,0,0,-2,1,0.715450019,0,1,1.5
286,NSCN,5430,India,0,,,,,750,28602,0,,54,1992,2000,0,0,1,1,0,0,0,0,0,4,4,0,0,0,0,0.857142857,0.740857143,0.486428571,NSA.3.4-358,much weaker,yes,0,no,explicit,1,no,explicit,1,,,1,1,1,0,0,-2,6,0.716157155,0,1,1
336,UNLF,5474,India,0,,,,,750,33604,0,315,152,1993,2009,0,0,1,1,0,0,0,0,0,0,8,0,0,0,0,1,0.7326,0.4829,NSA.3.4-1285,much weaker,yes,0,no,alleged,1,no,no,1,0,,1,1,0.1,0,0,,5,0.702050006,0,1,1.5
313,BDSF/NDFB,5451,India,0,,,,,750,31303,0,,227,1994,2004,0,0,1,1,0,0,0,0,2,2,6,2,0,0,2,0.333333333,0.743555556,0.490888889,NSA.3.4-1648,much weaker,yes,0,no,no,0,no,no,1,,,1,1,0,0,0,-2,4,0.710855557,0,1,1
269,NLFT,5415,India,0,,,,,750,26902,0,307,139,1997,2003,0,0,1,1,0,0,0,0,0,2,4,0,0,0,0,0.333333333,0.7415,0.490166667,NSA.3.4-1180,much weaker,yes,0,no,alleged,1,no,no,1,0,1,1,1,0,0,0,-2,5,0.710500002,0,1,1.166666667
788,KNF,905,India,0,,,,,750,78801,0,316,263,1997,1997,1,0,0,0,0,0,0,0,0,0,1,0,0,0,0,0,0.747,0.494,NSA.3.4-1705,much weaker,yes,0,no,no,1,no,no,1,0,,1,0,0,0,0,-2,1,0.719600022,0,1,1
406,MCC,5536,India,0,,,,,750,40601,0,194,29,1999,2004,0,1,0,1,0,0,0,0,2,0,2,2,0,0,2,0.5,0.739333333,0.488166667,NSA.3.4-172,much weaker,yes,0,no,no,0,minor,no,1,0,1,1,1,1,0,0,-2,6,0.706199994,0,0,2.166666667
11932,CPI-ML-J,11932,India,0,,,,,750,1193201,0,,29,2000,2000,0,1,0,1,0,0,0,0,0,0,1,0,0,0,0,0,0.736,0.485,,,,,,,,,,,,,,0,1,0,0,,1,0.71450001,0,0,3
11299,NLFT-B,11299,India,0,,,,,750,1129901,0,,139,2004,2004,0,1,0,1,0,0,0,0,0,0,1,0,0,0,0,0,0.734,0.482,,,,,,,,,,,,,,0,0,0,0,,1,0.693799973,0,1,1
451,CPI�Maoist,5579,India,0,,,,,750,45101,0,,29,2005,2014,0,1,0,1,0,0,0,6,0,0,0,3,6,0,0,0,0.7065,0.4633,NSA.3.4-175,weaker,yes,0,no,alleged,0,minor,no,,,,,0,1,0,0,,10,,,0,1
764,KCP,770,India,0,,,,,750,76401,0,317,152,2008,2009,0,1,0,1,0,0,0,0,0,0,1,0,0,0,0,0,0.719,0.4745,NSA.3.4-1288,much weaker,yes,0,explicit,no,0,no,no,,0,,,0,0.5,0,0,-2,2,0.693700016,0,1,2.5
766,PREPAK,771,India,0,,,,,750,76601,0,318,152,2008,2009,0,1,0,1,0,0,0,0,0,0,1,0,0,0,0,0,0.719,0.4745,NSA.3.4-1291,much weaker,yes,0,explicit,no,0,no,no,,0,,,0,0.5,0,0,-2,2,0.693700016,0,1,2.5
772,PULF,901,India,0,,,,,750,77201,0,369,259,2008,2008,0,1,0,1,0,0,0,0,0,0,0,0,0,0,0,0,0.726,0.48,NSA.3.4-1696,much weaker,yes,0,no,no,0,no,no,,0,,,0,0,0,0,-2,1,0.691600025,0,1,1
785,NDFB � RD,886,India,0,,,,,750,78501,0,,227,2009,2010,0,1,0,1,0,0,0,0,0,1,1,0,0,0,0,0,0.7075,0.466,NSA.3.4-1651,much weaker,yes,0,no,no,0,no,no,,,,,0,0,0,0,-2,2,0.698000014,0,1,1
842,GNLA,11971,India,0,,,,,750,84202,0,,272,2012,2014,0,1,0,1,0,0,0,0,0,0,1,0,0,0,0,0,0.6795,0.4355,,,,,,,,,,,,,,0,0,0,0,,1,,,1,1
864,NDFB-S,14102,India,0,,,,,750,1410201,0,,227,2013,2014,0,1,0,1,0,0,0,0,0,0,0,0,0,0,0,0,0.677,0.4305,,,,,,,,,,,,,,,,,,,,,,,
347,GAM,5485,Indonesia,0,,,,,850,34702,1,327,171,1990,2005,0,0,1,1,0,0,2,0,0,2,2,2,0,2,2,1,0.558777778,0.326888889,NSA.3.4-1354,weaker,yes,0,explicit,alleged,1,no,no,1,1,1,1,1,0.444444444,0,0,-1,7,0.33712222,1,1,1
605,Republic of South Moluccas,484,Indonesia,0,,,,,850,60501,0,,40,1950,1950,1,0,0,0,0,0,0,0,0,0,0,0,0,0,0,0,0.219,0.11,NSA.3.4-289,weaker,yes,0,no,explicit,0,no,no,,,,,0,1,1,0,-1,1,0.525600016,0,1,1
595,Darul Islam Movement,492,Indonesia,0,,,,,850,59501,0,,46,1953,1961,1,0,0,0,0,0,0,0,0,1,2,0,0,0,0,0,0.3174,0.1288,NSA.3.4-316,weaker,yes,0,explicit,no,0,no,no,,,,,0,1,0,0,-1,5,0.37184,0,0,2.6
596,PRRI,494,Indonesia,0,,,,,850,59601,0,,46,1958,1961,1,0,0,0,0,0,0,0,0,0,0,0,0,0,0,0,0.33225,0.13075,NSA.3.4-319,weaker,yes,0,explicit,explicit,0,no,no,,,,,0,1,0,0,-1,4,0.345100001,0,0,3
752,Permesta movement,493,Indonesia,0,,,,,850,75201,0,,46,1958,1961,1,0,0,0,0,0,0,0,0,0,0,0,0,0,0,0,0.33225,0.13075,NSA.3.4-322,weaker,yes,0,explicit,explicit,0,no,no,,,,,0,1,1,0,-1,4,0.345100001,0,0,3
498,OPM,12346,Indonesia,0,,,,,850,49805,0,266,94,1965,1984,1,0,0,0,0,0,0,0,0,0,8,0,0,0,0,0,0.194777778,0.056333333,NSA.3.4-775,much weaker,yes,0,no,no,1,no,tacit,,0,,,0,0.555555556,0,0,-2,3,0.183500003,0,1,1
344,Fretilin,5482,Indonesia,0,,,,,850,34403,0,290,134,1975,1999,0,0,1,1,0,0,0,0,0,3,9,0,0,0,0,0,0.214444444,0.063722222,NSA.3.4-1102,weaker,yes,0,explicit,explicit,0,no,no,1,0,,1,0,1,0,0,,14,0.181255555,1,1,1
260,Republic of Kurdistan/KDPI,5406,Iran,0,,,,,630,26006,0,,6,1946,1996,1,0,0,0,0,0,0,6,0,0,15,3,6,0,0,0,0.142705882,0.052,NSA.3.4-28,much weaker,yes,0,no,no,0,no,tacit,,,,,0,0.941176471,0,0,-2,10,,0,1,1
468,Republic of Azerbaijan,5595,Iran,0,,,,,630,46801,0,,7,1946,1946,1,0,0,0,0,0,0,0,0,0,0,0,0,0,0,0,0.163,0.052,NSA.3.4-31,much weaker,yes,0,explicit,explicit,0,no,tacit,,,,,0,0,0,0,-2,1,,0,1,1
246,Mujahideen e Khalq,5393,Iran,0,,,,,630,24606,0,,143,1979,2001,0,0,1,1,0,0,0,8,2,0,10,8,8,0,2,0,0.182076923,0.065307692,NSA.3.4-1228,much weaker,yes,0,no,explicit,1,no,no,1,,,1,0,0.846153846,0,0,-2,4,0.219830771,1,0,1
546,APCO,756,Iran,0,,,,,630,54601,0,,144,1979,1980,1,0,0,0,0,0,0,0,0,0,1,0,0,0,0,0,0.1625,0.0575,NSA.3.4-1237,weaker,yes,0,no,explicit,1,no,tacit,,,,,0,0,0,0,-1,2,0.114050001,0,1,1
459,PJAK,5587,Iran,0,,,,,630,45902,0,309,143,2005,2011,0,1,0,1,0,0,0,0,2,2,4,2,0,0,2,0,0.1765,0.053166667,NSA.3.4-1231,much weaker,yes,0,no,explicit,0,minor,explicit,,0,,,0,1,0,0,-2,5,0.183833333,0,0,1.666666667
640,Jondullah,1177,Iran,0,,,,,630,64001,0,310,143,2006,2010,0,1,0,1,0,0,0,0,0,0,2,0,0,0,0,0,0.174,0.049,NSA.3.4-1234,much weaker,yes,0,no,alleged,0,no,no,,0,1,1,0,1,0,0,,5,0.176479998,0,0,1.8
717,Military Faction (Free Officers Movement),517,Iraq,0,,,,,645,71701,0,,62,1958,1958,1,0,0,0,0,0,0,0,0,0,0,0,0,0,0,0,0.162,0.058,NSA.3.4-418,much stronger,yes,0,no,explicit,0,no,no,,,,,0,0,2,0,2,1,0.071900003,0,0,1
718,Military faction (forces of Abdul Wahab al-Shawaf),518,Iraq,0,,,,,645,71801,0,,62,1959,1959,1,0,0,0,0,0,0,0,0,0,0,0,0,0,0,0,0.099,0.045,NSA.3.4-421,weaker,yes,0,no,no,0,no,no,,,,,0,0,1,0,-1,1,0.055500001,0,0,1
279,KDP/DPK,5423,Iraq,0,,,,,645,27904,0,,74,1961,1991,1,0,0,0,0,0,0,4,2,2,6,4,4,0,2,0,0.07144,0.03572,NSA.3.4-571,weaker,yes,0,no,explicit,1,major,explicit,1,,,1,0,1,0,0,-1,10,0.040744,0,1,1.4
719,Military faction (forces of Brigadier Arif),519,Iraq,0,,,,,645,71901,0,,62,1963,1963,1,0,0,0,0,0,0,0,0,0,0,0,0,0,0,0,0.071,0.036,NSA.3.4-424,stronger,yes,0,no,no,0,no,no,,,,,0,1,2,0,1,1,0.032400001,0,0,2
720,NCRC,520,Iraq,0,,,,,645,72001,0,,62,1963,1963,1,0,0,0,0,0,0,0,0,0,0,0,0,0,0,0,0.071,0.036,NSA.3.4-427,stronger,yes,0,no,no,0,no,no,,,,,0,1,2,0,1,1,0.032400001,0,0,2
285,PUK,5429,Iraq,0,,,,,645,28504,0,261,74,1976,1996,1,0,0,0,0,0,0,4,2,2,8,4,4,0,2,0.117647059,0.077235294,0.036117647,NSA.3.4-577,much weaker,yes,0,no,explicit,1,major,explicit,1,0,,1,1,1,0,0,-2,8,0.045682353,0,1,1.705882353
653,KDP - QM,566,Iraq,0,,,,,645,65301,0,,74,1977,1978,1,0,0,0,0,0,0,0,1,0,1,1,0,0,1,0,0.05,0.034,NSA.3.4-580,much weaker,yes,0,no,no,0,no,no,,,,,0,1,0,0,-2,2,0.03785,0,1,2
298,Supreme Council for the Islamic Revolution in Iraq (SCIRI),5438,Iraq,0,,,,,645,29803,0,,62,1982,1996,1,0,0,0,0,0,0,4,0,0,6,2,4,0,0,0.2,0.0874,0.0376,NSA.3.4-397,much weaker,no,0,no,explicit,1,no,tacit,,,,,1,1,0,0,-2,6,0.04255,0,0,1
442,Al-Mahdi Army,13891,Iraq,0,,,,,645,44202,0,,62,2004,2008,0,1,0,1,0,0,0,0,0,4,4,0,0,0,0,0.666666667,0.359,0.226,NSA.3.4-400,weaker,yes,0,explicit,alleged,0,no,no,,,,,1,1,0,0,-1,2,0.070333332,0,0,3
443,Ansar al-Islam,5571,Iraq,0,,,,,645,44302,0,233,62,2004,2011,0,1,0,1,0,0,0,4,2,0,4,2,4,0,2,0.8,0.3428,0.2224,NSA.3.4-403,much weaker,yes,0,explicit,no,0,no,no,,0,1,1,1,1,0,0,,4,0.077299999,0,0,3
448,ISI/Jama�at Al-Tawhid wa Al-Jihad,5576,Iraq,0,,,,,645,44801,0,,62,2004,2014,0,1,0,1,0,0,0,8,0,0,0,4,8,0,0,0.909090909,0.388636364,0.250090909,NSA.3.4-412,much weaker,yes,0,explicit,no,0,major,explicit,,,,,1,1,0,0,,11,,,0,2
578,RJF/Al-Jaysh al-Islami fi Iraq,525,Iraq,0,,,,,645,57801,0,,62,2005,2007,0,1,0,1,0,0,0,0,0,0,1,0,0,0,0,1,0.366666667,0.240333333,NSA.3.4-415,much weaker,yes,0,explicit,no,0,no,no,,,,,1,1,0,0,-2,3,0.066599999,0,0,3.333333333
781,PLO/Fatah,11870,Israel,0,,,,,666,78101,1,,37,1965,1988,1,0,0,0,0,0,0,8,0,0,2,6,8,0,0,0,0.729333333,0.47225,NSA.3.4-277,much weaker,yes,0,explicit,explicit,1,major,explicit,,,,,0,1,0,0,-2,24,0.859916665,0,1,2
695,Palestinian insurgents,470,Israel,0,,,,,666,69501,0,,37,1949,1964,1,0,0,0,0,0,0,0,0,0,1,0,0,0,0,0,0.623125,0.386875,NSA.3.4-268,much weaker,no,0,explicit,,1,,,,,,,0,0.625,0,1,-2,16,0.743212502,0,1,1
696,Non PLO groups,1187,Israel,0,,,,,666,69601,0,,37,1965,1973,1,0,0,0,0,0,0,0,0,0,2,0,0,0,0,0,0.677555556,0.428777778,NSA.3.4-271,much weaker,no,0,explicit,,1,,,,,,,0,1,0,1,-2,9,0.808288892,0,1,2
780,Rejectionist Front,956,Israel,0,,,,,666,78001,0,,37,1974,1988,1,0,0,0,0,0,0,0,0,0,2,0,0,0,0,0,0.7604,0.498333333,NSA.3.4-274,much weaker,yes,0,explicit,explicit,1,no,tacit,,,,,0,1,0,1,-2,15,0.890893328,0,1,2
419,PFLP,5548,Israel,0,,,,,666,41902,0,205,37,1989,2001,0,0,1,1,0,0,0,0,0,0,4,0,0,0,0,0.5,0.768,0.5105,NSA.3.4-250,much weaker,yes,0,explicit,explicit,1,no,tacit,1,0,,1,1,1,0,0,-2,1,0.947250009,0,1,3
428,PFLP-GC,5557,Israel,0,,,,,666,42801,0,,37,1989,1989,1,0,0,0,0,0,0,0,0,0,2,0,0,0,0,0,0.772,0.513,NSA.3.4-262,much weaker,yes,0,explicit,explicit,1,no,explicit,1,,,1,0,1,0,0,-2,1,0.941500008,0,1,2
377,Fatah,5509,Israel,0,,,,,666,37703,0,207,37,1990,2007,0,0,1,1,0,0,0,0,2,4,6,2,0,2,2,0.555555556,0.767111111,0.507111111,NSA.3.4-232,much weaker,yes,0,explicit,explicit,0,major,explicit,0,0,,,1,1,0,0,,3,0.953511106,0,1,2.666666667
643,Hezbollah,891,Israel,0,,,,,666,64302,0,366,251,1990,2006,0,0,1,1,0,0,0,0,0,1,2,0,0,0,0,0.454545455,0.770454545,0.516090909,NSA.3.4-1669,much weaker,yes,0,explicit,explicit,1,major,explicit,0,0,1,1,1,0.090909091,0,0,-2,10,0.951209095,0,1,1
381,Hamas,5513,Israel,0,,,,,666,38104,0,209,37,1993,2014,0,0,1,1,0,0,0,8,2,2,6,6,8,0,2,0.857142857,0.760357143,0.499571429,NSA.3.4-244,much weaker,yes,0,explicit,explicit,1,major,explicit,1,0,1,1,1,1,0,0,,9,,,1,2.642857143
380,PIJ,5512,Israel,0,,,,,666,38003,0,208,37,1995,2014,0,0,1,1,0,0,0,0,0,0,6,0,0,0,0,0.923076923,0.759153846,0.498307692,NSA.3.4-238,much weaker,yes,0,explicit,no,1,no,no,,0,1,1,1,1,0,0,,11,,,1,2.538461538
427,PNA,5556,Israel,0,,,,,666,42702,0,210,37,1996,2002,0,0,1,1,0,0,0,0,0,2,4,0,0,0,0,1,0.768,0.51125,NSA.3.4-259,weaker,yes,0,,,,,,1,1,,1,1,1,0,0,-1,3,0.951425001,0,1,3
426,AMB,5555,Israel,0,,,,,666,42601,0,211,37,2002,2004,0,1,0,1,0,0,0,0,0,0,2,0,0,0,0,1,0.762333333,0.500666667,NSA.3.4-253,much weaker,yes,0,explicit,no,0,minor,explicit,1,0,1,1,1,1,0,0,-2,3,0.956633329,0,1,3.666666667
629,Popular Resistance Committees,481,Israel,0,,,,,666,62901,0,,37,2006,2006,0,1,0,1,0,0,0,0,0,0,1,0,0,0,0,0,0.767,0.501,NSA.3.4-265,much weaker,yes,0,explicit,no,0,no,tacit,,,,,0,1,0,0,-2,1,0.959299982,0,1,4
89,MPCI,5256,Ivory Coast,1,0,1,0,0,437,8901,0,556,225,2002,2002,0,1,0,1,0,0,0,0,2,2,2,2,0,2,2,1,0.443,0.29,NSA.3.4-1630,parity,yes,0,alleged,alleged,0,no,,,1,1,1,1,0,1,0,0,1,0.304800004,0,0,2
91,MPIGO,5258,Ivory Coast,1,0,1,0,0,437,9101,0,557,225,2002,2003,0,1,0,1,0,0,0,0,3,3,3,3,0,3,3,1,0.442,0.289,NSA.3.4-1633,much weaker,yes,0,alleged,alleged,0,alleged,,,1,1,1,1,0,1,0,-2,2,0.298500001,0,0,2
245,MJP,5392,Ivory Coast,1,0,1,0,0,437,24501,0,555,225,2003,2003,0,1,0,1,0,0,0,0,2,2,2,2,0,2,2,1,0.441,0.288,NSA.3.4-1636,much weaker,yes,0,alleged,alleged,0,alleged,,,0,,,1,0,1,0,-2,1,0.292199999,0,0,2
439,FRCI,5567,Ivory Coast,1,0,1,1,0,437,43901,0,,225,2004,2004,0,1,0,1,0,0,0,0,3,3,3,3,0,3,3,0,0.443,0.288,NSA.3.4-1639,parity,yes,0,alleged,alleged,0,alleged,,,,,,0,0,1,0,0,1,0.280499995,0,0,1
820,FDSI-CI,10842,Ivory Coast,0,,,,,437,82001,0,1125,225,2011,2011,0,1,0,1,0,0,0,0,0,0,0,0,0,0,0,1,0.437,0.288,NSA.3.4-1642,weaker,yes,0,no,no,0,no,no,,0,,,1,0,1,0,-1,1,0.293900013,0,0,1
536,Military faction (forces of Hezekiah Ochuka),772,Kenya,0,,,,,501,53601,0,,153,1982,1982,1,0,0,0,0,0,0,0,1,0,0,1,0,0,1,0,0.197,0.11,NSA.3.4-1294,weaker,yes,0,no,no,0,no,no,,,,,0,0,1,0,-1,1,0.361499995,0,0,1
734,Pathet Lao,535,Laos,0,,,,,812,73402,0,,65,1959,1973,1,0,0,0,0,0,0,0,0,2,2,0,0,0,0,0,0.231285714,0.083285714,NSA.3.4-472,parity,yes,0,explicit,explicit,1,no,no,,,,,0,1,1,0,0,11,0.282064287,0,0,1.071428571
736,Neutrals,536,Laos,0,,,,,812,73601,0,,65,1960,1960,1,0,0,0,0,0,0,0,0,0,0,0,0,0,0,0,0.273,0.094,NSA.3.4-475,weaker,yes,0,explicit,explicit,1,no,no,,,,,0,1,1,0,-1,1,0.292100012,0,0,2
382,LRM,5514,Laos,0,,,,,812,38201,0,246,65,1989,1990,1,0,0,0,0,0,0,0,2,0,0,2,0,0,2,0,0.1145,0.096,NSA.3.4-469,weaker,yes,0,explicit,explicit,1,no,explicit,,0,,,0,1,0,0,-1,2,0.227300003,0,0,1
376,Lebanese Army (Aoun),5508,Lebanon,0,,,,,660,37601,1,242,63,1989,1990,1,0,0,0,0,0,2,0,0,0,0,2,0,0,2,0,0.3285,0.0965,NSA.3.4-430,stronger,yes,0,,,,,,,0,,,0,1,2,0,1,2,0.439799994,0,0,1.5
383,Lebanese Forces,5515,Lebanon,0,,,,,660,38301,1,243,63,1989,1989,1,0,0,0,0,0,2,0,0,2,2,2,0,2,2,0,0.308,0.09,NSA.3.4-433,parity,yes,0,explicit,explicit,0,no,no,,0,,,0,1,1,0,0,1,0.432599992,0,0,2
570,Independent Nasserite Movement /Mourabitoun militia,1169,Lebanon,0,,,,,660,57001,0,,63,1958,1958,1,0,0,0,0,0,0,0,0,2,2,0,0,0,0,0,0.345,0.102,NSA.3.4-436,parity,no,0,explicit,alleged,0,no,tacit,,,,,0,1,1,0,0,1,0.300000012,0,0,1
722,Lebanese National Movement,527,Lebanon,0,,,,,660,72202,0,,63,1975,1984,1,0,0,0,0,0,0,0,0,1,2,0,0,0,0,0,0.3544,0.1032,NSA.3.4-445,stronger,no,0,explicit,no,0,no,no,1,,,1,0,1,1,0,1,3,0.374959999,0,0,1.6
723,LAA/Lebanese Arab Army,528,Lebanon,0,,,,,660,72301,0,,63,1976,1976,1,0,0,0,0,0,0,0,0,1,1,0,0,0,0,0,0.356,0.104,NSA.3.4-448,parity,yes,0,explicit,no,0,no,no,,,,,0,1,1,0,0,1,0.380100012,0,0,2
724,Amal,529,Lebanon,0,,,,,660,72401,0,239,63,1983,1984,1,0,0,0,0,0,0,0,0,0,1,0,0,0,0,0,0.351,0.102,NSA.3.4-451,weaker,yes,0,explicit,no,0,no,no,,0,,,0,1,0,0,-1,2,0.3715,0,0,2
725,NUF,530,Lebanon,0,,,,,660,72501,0,240,63,1985,1986,1,0,0,0,0,0,0,0,0,0,1,0,0,0,0,0,0.351,0.102,NSA.3.4-454,parity,yes,0,no,explicit,0,no,no,,0,,,0,1,1,0,0,2,0.382049993,0,0,1.5
726,Lebanese Forces - Hobeika faction,531,Lebanon,0,,,,,660,72601,0,241,63,1986,1986,1,0,0,0,0,0,0,0,0,0,1,0,0,0,0,0,0.351,0.102,NSA.3.4-457,weaker,yes,0,no,no,0,no,no,,1,,1,0,1,1,0,-1,1,0.386799991,0,0,2
876,IS,14244,Lebanon,0,,,,,660,1424401,0,,63,2014,2014,0,1,0,1,0,0,0,0,0,0,0,0,0,0,0,0,0.517,0.293,,,,,,,,,,,,,,,,,,,,,,,
92,Military Faction,5259,Lesotho,1,1,0,0,0,570,9201,0,,217,1998,1998,0,1,0,1,0,0,0,0,0,0,0,0,0,0,0,0,0.375,0.193,NSA.3.4-1591,parity,yes,0,explicit,no,0,no,no,,,,,0,0,1,0,0,1,0.694000006,0,0,1
93,NPFL,5260,Liberia,0,,,,,450,9301,1,507,146,1989,1990,1,0,0,0,0,0,0,0,0,3,3,0,0,0,0,0.5,0.1905,0.118,NSA.3.4-1243,much stronger,yes,0,explicit,explicit,1,no,no,1,1,1,1,1,0,1,0,2,2,0.060249999,0,0,1.5
94,INPFL,1112,Liberia,0,,,,,450,9401,1,508,146,1990,1990,1,0,0,0,0,0,2,0,0,0,2,2,0,2,2,1,0.17,0.12,NSA.3.4-1246,stronger,yes,0,explicit,no,0,no,no,1,0,1,1,1,0,1,0,1,1,0.0603,0,0,2
525,Military faction (forces of Samuel Doe),758,Liberia,0,,,,,450,52501,0,,146,1980,1980,1,0,0,0,0,0,0,0,1,0,0,1,0,0,1,0,0.124,0.099,NSA.3.4-1255,stronger,yes,0,no,no,0,no,no,,,,,0,0,1,0,1,1,0.190899998,0,0,1
95,LURD,5261,Liberia,1,1,1,0,0,450,9501,1,509,146,2000,2003,0,1,0,1,0,0,0,0,3,3,3,3,0,3,3,0.5,0.34,0.1665,NSA.3.4-1249,weaker,yes,0,no,explicit,1,no,no,1,1,1,1,1,0.5,1,0,-1,4,0.104050001,1,0,1.25
352,MODEL,1144,Liberia,1,0,1,0,0,450,35201,1,510,146,2003,2003,0,1,0,1,0,0,0,0,2,2,2,2,0,2,2,1,0.312,0.157,NSA.3.4-1252,weaker,yes,0,no,explicit,0,no,no,,1,,1,1,1,0,0,-1,1,0.120800003,1,0,2
823,NTC,11980,Libya,0,,,,,620,82301,0,1126,271,2011,2011,0,1,0,1,0,0,0,0,0,0,0,0,0,0,0,0,0.174,0.1,NSA.3.4-1729,weaker,yes,0,no,explicit,0,minor,explicit,,1,,1,0,1,1,0,-1,1,,0,0,2
825,Forces of Muammar Gaddafi,10885,Libya,0,,,,,620,82501,0,1127,271,2011,2011,0,1,0,1,0,0,0,0,0,0,0,0,0,0,0,0,0.174,0.1,NSA.3.4-1732,weaker,yes,0,explicit,no,0,no,no,,1,,1,0,1,1,0,-1,1,,0,0,2
878,Forces of the House of Representatives,14059,Libya,0,,,,,620,1405901,0,,271,2014,2014,0,1,0,1,0,0,0,0,0,0,0,0,0,0,0,0,0.281,0.181,,,,,,,,,,,,,,,,,,,,,,,
879,Zintan Brigades,14249,Libya,0,,,,,620,1424901,0,,271,2014,2014,0,1,0,1,0,0,0,0,0,0,0,0,0,0,0,0,0.281,0.181,,,,,,,,,,,,,,,,,,,,,,,
341,National Liberation Army (UCK),5479,"Macedonia, FYR",0,,,,,343,34101,1,,223,2001,2001,0,1,0,1,0,0,0,0,3,3,3,3,0,3,3,0,0.454,0.286,NSA.3.4-1624,much weaker,yes,0,explicit,no,1,major,explicit,,,,,0,0,0,1,-2,1,0.612299979,0,0,1
540,Monima National Independence Movement,942,Madagascar (Malagasy),0,,,,,580,54001,0,,114,1971,1971,1,0,0,0,0,0,0,0,2,0,0,2,0,0,2,0,0.256,0.145,NSA.3.4-922,weaker,yes,0,no,no,0,no,no,,,,,0,0,0,0,-1,1,0.263099998,0,0,1
585,CPM,534,Malaysia,0,,,,,820,58503,0,,64,1958,1981,1,0,0,0,0,0,0,0,0,0,2,0,0,0,0,0,0.2885,0.168833333,NSA.3.4-466,weaker,yes,0,explicit,no,1,no,no,,,,,0,0,0,0,-1,3,0.516816671,0,0,1
586,CCO,578,Malaysia,0,,,,,820,58601,0,,83,1963,1966,1,0,0,0,0,0,0,0,0,0,1,0,0,0,0,0,0.303,0.172,NSA.3.4-610,much weaker,yes,0,explicit,explicit,1,no,no,,,,,0,0,0,0,-2,4,0.561200008,0,1,1
861,Sultanate of Sulu,12139,Malaysia,0,,,,,820,86101,0,,278,2013,2013,0,1,0,1,0,0,0,0,0,0,0,0,0,0,0,0,0.304,0.215,,,,,,,,,,,,,,0,0,0,0,,1,,0,1,1
96,MPA,5262,Mali,0,,,,,432,9601,0,,177,1990,1990,1,0,0,0,0,0,0,0,0,2,2,0,0,0,0,0,0.199,0.109,NSA.3.4-1366,weaker,no,0,no,explicit,0,no,tacit,,,,,0,0,0,1,-1,1,0.158500001,0,1,1
97,FIAA,5263,Mali,1,0,0,0,1,432,9701,0,,177,1994,1994,1,0,0,0,0,0,0,0,0,2,2,0,0,0,0,1,0.595,0.413,NSA.3.4-1369,weaker,,0,no,alleged,,no,tacit,,,,,1,0,0,1,-1,1,0.342200011,0,1,1
650,ATNMC,802,Mali,1,0,0,0,1,432,65001,0,,177,2007,2009,0,1,0,1,0,0,0,0,0,0,0,0,0,0,0,0,0.602333333,0.401,NSA.3.4-1372,much weaker,,0,no,no,,,no,,,,,0,0,0,0,-2,3,0.338133335,0,1,1
863,AQIM,12575,Mali,0,,,,,432,86302,0,,274,2009,2014,0,1,0,1,0,0,0,0,0,0,1,0,0,0,0,0,0.486666667,0.318333333,,,,,,,,,,,,,,0,0.666666667,0,0,,2,,,0,2.333333333
835,Ansar Dine,11986,Mali,0,,,,,432,83501,0,,274,2012,2013,0,1,0,1,0,0,0,0,0,0,1,0,0,0,0,0,0.3295,0.244,,,,,,,,,,,,,,0,0.5,0,0,,2,,0,0,3
836,CMA,11985,Mali,0,,,,,432,83602,0,,177,2012,2014,0,1,0,1,0,0,0,0,0,0,0,0,0,0,0,0,0.4345,0.2875,,,,,,,,,,,,,,0,0,0,0,,1,,,1,1
837,Military faction (Red Berets),11987,Mali,0,,,,,432,83701,0,,274,2012,2012,0,1,0,1,0,0,0,0,0,0,0,0,0,0,0,0,0.334,0.252,,,,,,,,,,,,,,0,0,0,0,,1,,0,0,2
862,MUJAO,12571,Mali,0,,,,,432,86201,0,,274,2013,2013,0,1,0,1,0,0,0,0,0,0,1,0,0,0,0,0,0.325,0.236,,,,,,,,,,,,,,0,1,0,0,,1,,0,0,4
865,Signed-in-Blood Battalion,12578,Mali,0,,,,,432,86501,0,,274,2013,2013,0,1,0,1,0,0,0,0,0,0,1,0,0,0,0,0,0.325,0.236,,,,,,,,,,,,,,0,1,0,0,,1,,0,0,4
880,al-Murabitun,12582,Mali,0,,,,,432,1258201,0,,274,2014,2014,0,1,0,1,0,0,0,0,0,0,0,0,0,0,0,0,0.535,0.323,,,,,,,,,,,,,,,,,,,,,,,
745,POLISARIO,893,Mauritania,0,,,,,435,74501,0,563,253,1975,1978,1,0,0,0,0,0,0,0,0,1,1,0,0,0,0,0,0.193,0.06875,NSA.3.4-1672,weaker,yes,0,explicit,explicit,1,no,no,1,0,,1,0,0.5,0,0,-1,4,0.293474995,0,1,1
806,AQIM,909,Mauritania,0,,,,,435,80601,0,539,267,2010,2011,0,1,0,1,0,0,0,0,0,0,1,0,0,0,0,0,0.481,0.1955,NSA.3.4-1717,weaker,yes,0,explicit,no,0,no,no,,1,1,1,0,0,0,0,-1,2,0.227200001,0,0,1
230,EZLN,5378,Mexico,0,,,,,70,23001,1,767,205,1994,1994,1,0,0,0,0,0,3,0,0,3,3,3,0,3,3,0,0.468,0.267,NSA.3.4-1540,weaker,yes,0,no,no,0,no,no,1,0,,1,0,0,1,0,-1,1,0.439700007,1,0,1
299,EPR,5439,Mexico,0,,,,,70,29901,0,768,205,1996,1996,1,0,0,0,0,0,0,0,0,0,2,0,0,0,0,0,0.508,0.298,NSA.3.4-1543,weaker,yes,0,no,no,0,no,no,,0,,,0,0,0,0,-1,1,0.451200008,1,0,1
367,Dniestr Republic,1148,Moldova,0,,,,,359,36701,0,,199,1992,1992,1,0,0,0,0,0,0,0,2,2,2,2,0,2,2,0,0.52,0.27,NSA.3.4-1513,parity,yes,0,explicit,explicit,0,no,tacit,0,,,,0,0,1,0,0,1,0.542100012,0,1,1
541,Military faction (forces of Mohamed Madbouh),1167,Morocco,0,,,,,600,54101,0,,115,1971,1971,1,0,0,0,0,0,0,0,0,0,0,0,0,0,0,0,0.154,0.044,NSA.3.4-925,weaker,yes,0,no,explicit,0,no,no,,,,,0,0,1,0,-1,1,0.058600001,0,0,1
98,POLISARIO,5264,Morocco,0,,,,,600,9801,0,563,135,1975,1989,1,0,0,0,0,0,0,4,2,0,2,4,4,0,2,0,0.1576,0.064866667,NSA.3.4-1105,weaker,yes,0,explicit,explicit,1,no,no,1,0,,1,0,0.733333333,0,0,-1,15,0.177126666,0,1,1
99,Renamo,5265,Mozambique,0,,,,,541,9902,1,498,136,1977,2013,0,0,1,1,0,0,2,8,0,4,4,6,8,2,2,0,0.447,0.274,NSA.3.4-1108,parity,yes,0,explicit,explicit,1,no,explicit,1,1,1,1,0,0.764705882,1,0,,16,,0,0,1
305,BCP,1133,Myanmar (Burma),0,,,,,775,30501,1,,24,1948,1988,1,0,0,0,0,0,0,8,0,0,2,6,8,0,0,0,0.195585366,0.108341463,NSA.3.4-109,weaker,yes,0,no,explicit,1,no,no,,,,,0,1,1,0,-1,41,0.249256099,0,0,1.243902439
304,,461,Myanmar (Burma),0,,,,,775,30402,1,,34,1961,2014,0,0,1,1,0,0,0,4,0,1,1,3,4,0,0,0,0.137222222,0.074027778,NSA.3.4-202,weaker,yes,,no,no,1,no,tacit,,,,,0,1,0,1,,32,,,1,1
306,KNU,5444,Myanmar (Burma),0,,,,,775,30604,2,180,23,1966,2011,0,0,1,1,0,0,0,8,0,2,8,8,8,0,0,0,0.104953488,0.055511628,NSA.3.4-88,much weaker,yes,0,no,explicit,1,no,no,,2,,1,0,1,0,0,-2,27,0.094169767,0,1,1.302325581
308,MTA,5446,Myanmar (Burma),0,,,,,775,30802,1,255,67,1985,1995,1,0,0,0,0,0,0,0,0,2,4,2,0,0,0,0,0.115,0.053571429,NSA.3.4-493,weaker,yes,0,explicit,no,1,no,no,,0,,,0,1,0,0,-1,4,0.107714285,0,1,1
853,NSCN-K,11018,Myanmar (Burma),0,,,,,775,85303,1,,277,1995,2007,0,0,1,1,0,0,0,0,0,0,3,1,0,0,0,0,0.090166667,0.047,,,,,,,,,,,,,,0,0,0,0,,3,0.104599999,0,1,1
307,Shan State Army - South (SSA-S),5445,Myanmar (Burma),0,,,,,775,30703,1,,67,1996,2013,0,0,1,1,0,0,0,0,0,2,6,2,0,0,0,0,0.118933333,0.067266667,NSA.3.4-487,much weaker,yes,0,no,explicit,1,no,no,,,,,0,1,0,0,,7,,0,1,1.133333333
677,Red Flag Movement,432,Myanmar (Burma),0,,,,,775,67702,0,,24,1948,1970,1,0,0,0,0,0,0,0,0,0,1,0,0,0,0,0,0.1865,0.13075,NSA.3.4-118,weaker,yes,0,,,,,,,,,,0,1,0,0,-1,3,0.502050009,0,0,2.75
678,PVO - White Band faction,1182,Myanmar (Burma),0,,,,,775,67801,0,,24,1948,1953,1,0,0,0,0,0,0,0,0,0,2,0,0,0,0,0,0.2945,0.188166667,NSA.3.4-121,weaker,yes,0,no,no,0,no,no,,,,,0,1,1,0,-1,6,0.64836667,0,0,2.5
799,Arakan People's Liberation Party,435,Myanmar (Burma),0,,,,,775,79901,0,,25,1948,1957,1,0,0,0,0,0,0,0,0,1,1,0,0,0,0,0,0.3496,0.2109,NSA.3.4-136,much weaker,yes,0,no,no,1,no,no,,,,,0,0,0,1,-2,10,0.631820005,0,1,2
800,Mujahid Party,958,Myanmar (Burma),0,,,,,775,80001,0,,25,1948,1961,1,0,0,0,0,0,0,0,0,0,0,0,0,0,0,0,0.368285714,0.210071429,NSA.3.4-142,weaker,yes,0,no,no,0,no,no,,,,,0,0,1,0,-1,14,0.577064291,0,1,1.714285714
683,MFL-MUF,443,Myanmar (Burma),0,,,,,775,68301,0,,26,1949,1951,1,0,0,0,0,0,0,0,0,0,1,0,0,0,0,0,0.236333333,0.166333333,NSA.3.4-160,weaker,yes,0,no,no,0,no,no,,,,,0,0,0,1,-1,3,0.650633335,0,1,1
753,PNDF,460,Myanmar (Burma),0,,,,,775,75301,0,,34,1949,1950,1,0,0,0,0,0,0,0,0,0,0,0,0,0,0,0,0.2255,0.1625,NSA.3.4-205,much weaker,yes,0,,,,,,,,,,0,0.5,0,0,-2,2,0.65290001,0,1,1
790,KNUP,957,Myanmar (Burma),0,,,,,775,79001,0,,23,1949,1975,1,0,0,0,0,0,0,4,0,0,2,2,4,0,0,0,0.223296296,0.12862963,NSA.3.4-97,weaker,yes,0,no,no,0,no,no,,,,,0,1,1,1,-1,27,0.309000002,0,1,1.37037037
684,MPF,444,Myanmar (Burma),0,,,,,775,68401,0,,26,1952,1958,1,0,0,0,0,0,0,0,0,1,1,0,0,0,0,0,0.423857143,0.235714286,NSA.3.4-163,much weaker,yes,0,,,,,,,,,,0,0,0,1,-2,7,0.607185721,0,1,1
311,KNPP,5449,Myanmar (Burma),0,,,,,775,31105,0,225,56,1957,2005,0,0,1,1,0,0,0,0,0,0,10,0,0,0,0,0,0.1672,0.089,NSA.3.4-379,much weaker,yes,0,,,0,,,,0,,,0,0,0,0,-2,1,0.198720007,0,1,1
311,KNPP,5449,Myanmar (Burma),0,,,,,775,31105,0,225,56,1957,2005,0,0,1,1,0,0,0,0,0,0,10,0,0,0,0,0,0.1672,0.089,NSA.3.4-379,much weaker,yes,0,,,0,,,,0,,,0,0,0,0,-2,1,0.198720007,0,1,1
310,NMSP,5448,Myanmar (Burma),0,,,,,775,31002,0,190,26,1959,1990,1,0,0,0,0,0,0,0,0,0,6,0,0,0,0,0,0.261666667,0.134666667,NSA.3.4-154,much weaker,yes,0,,,,,,,0,,,0,0,0,1,-2,5,0.268383332,0,1,1
742,NSH,541,Myanmar (Burma),0,,,,,775,74201,0,,67,1959,1959,1,0,0,0,0,0,0,0,0,0,1,0,0,0,0,0,0.406,0.195,NSA.3.4-496,much weaker,yes,0,no,no,0,no,no,,,,,0,0,0,0,-2,1,0.490700006,0,1,1
743,SSIA,542,Myanmar (Burma),0,,,,,775,74301,0,,67,1960,1961,1,0,0,0,0,0,0,0,0,0,1,0,0,0,0,0,0.424,0.221,NSA.3.4-499,much weaker,yes,0,no,explicit,1,no,no,,,,,0,0,0,0,-2,2,0.364299998,0,1,1
744,SNUF,543,Myanmar (Burma),0,,,,,775,74401,0,,67,1962,1963,1,0,0,0,0,0,0,1,1,0,1,1,1,0,1,0,0.0995,0.059,NSA.3.4-502,much weaker,yes,0,no,no,0,no,no,,,,,0,0,0,0,-2,2,0.135749996,0,1,1
746,SSA,544,Myanmar (Burma),0,,,,,775,74602,0,,67,1964,1973,1,0,0,0,0,0,0,0,0,0,2,0,0,0,0,0,0.069,0.044666667,NSA.3.4-505,weaker,yes,0,no,explicit,1,no,no,,,,,0,1,0,0,-1,7,0.049777778,0,1,1.444444444
801,ANLP,437,Myanmar (Burma),0,,,,,775,80101,0,,25,1964,1972,1,0,0,0,0,0,0,0,0,0,1,0,0,0,0,0,0.069,0.043,NSA.3.4-145,much weaker,yes,0,no,no,0,no,no,,,,,0,0,0,0,-2,9,0.049255556,0,1,2
802,Communist Party of Arakan,438,Myanmar (Burma),0,,,,,775,80201,0,,25,1964,1973,1,0,0,0,0,0,0,0,0,0,1,0,0,0,0,0,0.069,0.0445,NSA.3.4-148,much weaker,yes,0,no,no,1,no,no,,,,,0,0,0,0,-2,10,0.04959,0,1,2
747,SURA,546,Myanmar (Burma),0,,,,,775,74702,0,,67,1969,1983,1,0,0,0,0,0,0,2,0,0,2,1,2,0,0,0,0.123,0.0605,NSA.3.4-511,much weaker,yes,0,no,no,0,no,no,,,,,0,1,0,0,-2,8,0.08255,0,1,1.5
748,SSNPLO,545,Myanmar (Burma),0,,,,,775,74801,0,,67,1969,1970,1,0,0,0,0,0,0,0,0,0,1,0,0,0,0,0,0.069,0.043,NSA.3.4-514,much weaker,yes,0,,,,,,,,,,0,1,0,0,-2,2,0.044850001,0,1,3
794,RPF,439,Myanmar (Burma),0,,,,,775,79401,0,,25,1973,1978,1,0,0,0,0,0,0,0,0,0,1,0,0,0,0,0,0.1145,0.063666667,NSA.3.4-130,much weaker,yes,0,no,no,0,no,no,,,,,0,0,0,0,-2,6,0.078416667,0,1,1.333333333
797,LNUP,907,Myanmar (Burma),0,,,,,775,79701,0,,265,1973,1982,1,0,0,0,0,0,0,2,0,0,1,1,2,0,0,0,0.1234,0.0639,NSA.3.4-1711,much weaker,yes,0,no,no,0,no,no,,,,,0,0,0,0,,10,0.08536,0,1,1
750,SSRA,954,Myanmar (Burma),0,,,,,775,75001,0,,67,1976,1976,1,0,0,0,0,0,0,0,0,0,2,0,0,0,0,0,0.136,0.067,NSA.3.4-517,much weaker,yes,0,no,no,0,no,no,,,,,0,1,0,0,-2,1,0.085500002,0,1,2
795,ALP,440,Myanmar (Burma),0,,,,,775,79501,0,,25,1977,1977,1,0,0,0,0,0,0,0,0,0,0,0,0,0,0,0,0.136,0.067,NSA.3.4-133,much weaker,yes,0,no,no,0,no,no,,,,,0,0,0,0,-2,1,0.088600002,0,1,2
751,TRC,548,Myanmar (Burma),0,,,,,775,75101,0,254,67,1984,1984,1,0,0,0,0,0,0,0,0,0,1,0,0,0,0,0,0.137,0.061,NSA.3.4-520,much weaker,yes,0,no,no,0,no,no,,0,,,0,1,0,0,-2,1,0.092500001,0,1,1
322,ABSDF,5460,Myanmar (Burma),0,,,,,775,32202,0,185,24,1990,1994,1,0,0,0,0,0,0,0,0,0,4,0,0,0,0,0,0.09675,0.049,NSA.3.4-112,much weaker,yes,0,no,no,1,no,no,,0,,,0,1,0,0,-2,3,0.115224998,0,0,1
312,Rohingya Solidarity Organisation,5450,Myanmar (Burma),0,,,,,775,31202,0,,25,1991,1994,1,0,0,0,0,0,0,0,0,0,4,0,0,0,0,0,0.09,0.0475,NSA.3.4-124,much weaker,yes,0,no,explicit,1,no,no,,,,,0,0,0,1,-2,1,0.116299998,0,1,1
326,BMA,5464,Myanmar (Burma),0,,,,,775,32601,0,191,26,1996,1996,1,0,0,0,0,0,0,0,0,0,0,0,0,0,0,0,0.09,0.047,NSA.3.4-157,much weaker,yes,0,,,,,,,0,,,0,0,0,1,-2,1,0.1228,0,1,1
321,UWSA,5459,Myanmar (Burma),0,,,,,775,32101,0,364,228,1997,1997,1,0,0,0,0,0,0,0,0,0,0,0,0,0,0,0,0.09,0.047,NSA.3.4-1654,much weaker,yes,0,no,explicit,1,no,no,,0,,,0,0,0,0,-2,1,0.119199999,0,1,1
314,God's army,5452,Myanmar (Burma),0,,,,,775,31401,0,181,23,2000,2000,0,1,0,1,0,0,0,0,0,0,0,0,0,0,0,0,0.09,0.047,NSA.3.4-91,much weaker,yes,0,explicit,no,0,no,no,,0,,,0,1,0,0,-2,1,0.128399998,0,1,2
798,MNDAA,906,Myanmar (Burma),0,,,,,775,79802,0,880,264,2009,2014,0,1,0,1,0,0,0,0,0,0,0,0,0,0,0,0,0.228,0.1365,NSA.3.4-1708,much weaker,yes,0,no,no,0,no,no,,0,,,0,0,0,0,,1,,,1,1
805,DKBA 5,430,Myanmar (Burma),0,,,,,775,80502,0,,23,2010,2013,0,1,0,1,0,0,0,0,0,1,2,0,0,0,0,0,0.233666667,0.144666667,NSA.3.4-100,much weaker,yes,0,no,no,0,no,no,,,,,0,1,0,1,,2,,0,1,1.666666667
826,SSPP,11972,Myanmar (Burma),0,,,,,775,82602,0,,67,2011,2013,0,1,0,1,0,0,0,0,0,1,2,0,0,0,0,0,0.2955,0.171,NSA.3.4-523,much weaker,yes,0,no,no,0,no,no,,,,,0,1,0,1,,1,,0,1,2
881,PSLF,14273,Myanmar (Burma),0,,,,,775,1427301,0,,279,2013,2014,0,1,0,1,0,0,0,0,0,0,0,0,0,0,0,0,0.364,0.216,,,,,,,,,,,,,,,,,,,,,,,
349,CPN-M/UPF,5487,Nepal,0,,,,,790,34901,1,,72,1996,2006,0,0,1,1,3,3,3,21,0,3,3,18,24,0,3,0.727272727,0.314545455,0.190818182,NSA.3.4-556,weaker,yes,0,explicit,no,1,minor,no,1,,,1,1,0.545454545,1,0,-1,11,0.400418181,1,0,1
652,Nepali Congress,1178,Nepal,0,,,,,790,65201,0,,72,1960,1962,1,0,0,0,0,0,0,0,0,2,2,0,0,0,0,0,0.132333333,0.059333333,NSA.3.4-559,weaker,yes,0,no,no,1,no,no,,,,,0,0,0,0,-1,3,0.069933333,0,0,1
231,FDN/Contras,742,Nicaragua,0,,,,,93,23101,2,,140,1982,1990,1,0,0,0,1,2,1,3,0,1,1,4,5,3,1,0,0.342777778,0.153777778,NSA.3.4-1186,weaker,yes,0,explicit,explicit,1,no,no,0,,,,0,1,0,0,-1,9,0.226533335,1,0,1
567,FSLN,741,Nicaragua,0,,,,,93,56701,0,,140,1977,1979,1,0,0,0,0,0,0,2,1,0,0,1,2,0,1,0,0.162666667,0.040333333,NSA.3.4-1189,weaker,yes,0,no,explicit,1,no,no,,,,,0,0.666666667,0,0,-1,3,0.0936,0,0,1
111,CRA,5276,Niger,1,0,0,0,1,436,11101,1,,178,1994,1994,1,0,0,0,0,0,2,0,0,2,2,2,0,2,2,0,0.56,0.258,NSA.3.4-1375,weaker,,0,explicit,no,0,no,tacit,,,,,0,0,0,1,-1,1,0.352499992,0,1,1
761,FLAA,895,Niger,1,0,0,0,1,436,76101,0,,255,1991,1992,1,0,0,0,0,0,0,0,0,1,1,0,0,0,0,0,0.368,0.1785,NSA.3.4-1684,weaker,yes,0,explicit,no,0,no,no,,,,,0,0,0,0,-1,2,0.3204,1,0,1
113,FDR,5278,Niger,1,0,0,0,1,436,11301,0,543,212,1995,1995,1,0,0,0,0,0,0,0,0,0,2,0,0,0,0,0,0.554,0.257,NSA.3.4-1567,weaker,yes,0,alleged,alleged,0,no,no,0,0,,,0,0,1,1,-1,1,0.302899987,0,1,1
762,UFRA,896,Niger,1,0,0,0,1,436,76201,0,526,255,1997,1997,1,0,0,0,0,0,0,0,0,1,1,0,0,0,0,0,0.394,0.188,NSA.3.4-1687,weaker,yes,0,explicit,no,0,no,no,0,0,,,0,0,0,0,-1,1,0.154200003,0,0,1
749,MNJ,897,Niger,1,0,0,0,1,436,74901,0,562,255,2007,2008,0,1,0,1,0,0,0,0,0,1,1,0,0,0,0,0,0.5725,0.3595,NSA.3.4-1681,weaker,yes,0,explicit,alleged,0,no,no,,0,,,0,0,0,0,-1,2,0.378849998,0,0,1
494,Military faction (forces of Patrick Nzeogwu),5655,Nigeria,0,,,,,475,49401,0,,100,1966,1966,1,0,0,0,0,0,0,0,0,0,0,2,0,0,0,0,0.208,0.164,NSA.3.4-805,stronger,yes,0,no,no,0,no,no,,,,,0,0,2,0,1,1,0.163699999,0,0,1
528,Republic of Biafra,650,Nigeria,0,,,,,475,52801,0,,107,1967,1970,1,0,0,0,0,0,0,0,0,0,0,0,0,0,0,0,0.189,0.147,NSA.3.4-850,parity,yes,0,explicit,explicit,0,minor,explicit,,,,,0,1,1,0,0,4,0.080975,0,1,1
446,Ahlul Sunnah Jamaa,5574,Nigeria,1,0,0,0,1,475,44601,0,559,249,2004,2004,0,1,0,1,0,0,0,0,0,0,0,0,0,0,0,0,0.416,0.288,NSA.3.4-1660,weaker,no,0,no,no,,,,,0,,,0,0,0,0,-1,1,0.346399993,0,1,1
793,Boko Haram,640,Nigeria,0,,,,,475,79302,0,,100,2009,2014,0,1,0,1,0,0,0,0,0,0,1,0,0,0,0,0.8,0.4966,0.3354,NSA.3.4-808,much weaker,yes,0,no,no,0,alleged,explicit,,,,,1,0.6,0,0,,4,,,0,1
473,NDPVF,5600,Nigeria,1,0,0,0,1,475,47301,1,560,250,2004,2004,0,1,0,1,0,0,2,0,0,2,2,2,0,2,2,0,0.416,0.288,NSA.3.4-1663,weaker,yes,0,no,no,0,no,no,,0,,,0,0,0,0,-1,1,0.346399993,0,1,1
607,State of Oman/Free Oman,516,Oman,0,,,,,698,60701,0,,61,1957,1957,1,0,0,0,0,0,0,0,0,0,0,0,0,0,0,0,0.008,0.033,NSA.3.4-391,weaker,yes,1,explicit,explicit,1,no,no,,,,,0,0,0,0,-1,1,0.035500001,,1,1
561,PFLOAG,698,Oman,0,,,,,698,56101,0,,121,1969,1975,1,0,0,0,0,0,0,2,0,0,0,1,2,0,0,0,0.013,0.041,NSA.3.4-1018,weaker,yes,0,explicit,explicit,1,no,explicit,,,,,0,0,0,0,-1,7,0.045642858,,0,1
542,Mukti Bahini: Liberation Force,673,Pakistan,0,,,,,770,54201,0,,116,1971,1971,1,0,0,0,0,0,0,0,0,0,0,0,0,0,0,0,0.189,0.06,NSA.3.4-928,parity,yes,0,no,explicit,1,no,tacit,,,,,0,1,1,0,0,1,0.331800014,1,1,1
544,Baluchi separatists,708,Pakistan,0,,,,,770,54402,0,,129,1974,2012,0,0,1,1,0,0,0,3,1,1,2,2,3,0,1,0,0.2734,0.153,NSA.3.4-1042,much weaker,yes,0,explicit,no,0,no,tacit,,,,,0,1,0,0,,4,0.436899996,0,1,1.4
340,MQM,5478,Pakistan,0,,,,,770,34002,0,354,209,1990,1996,1,0,0,0,0,0,0,0,0,0,4,0,0,0,0,0,0.38325,0.2125,NSA.3.4-1558,weaker,yes,0,no,no,0,no,no,1,1,,1,0,0,0,1,,3,0.444425002,0,0,1
639,BLA/Baluchistan Liberation Army,709,Pakistan,0,,,,,770,63903,0,,129,2004,2014,0,1,0,1,0,0,0,0,0,0,2,0,0,0,0,0,0.429888889,0.281333333,NSA.3.4-1048,much weaker,yes,0,no,alleged,0,no,no,,,,,0,1,0,0,,4,,,1,1.666666667
638,Baluch Ittehad,710,Pakistan,0,,,,,770,63801,0,288,129,2006,2006,0,1,0,1,0,0,0,1,1,0,1,1,1,1,1,0,0.388,0.262,NSA.3.4-1045,much weaker,yes,0,no,no,0,no,no,,0,,,0,1,0,0,-2,1,0.167300001,0,1,2
768,TTP,857,Pakistan,0,,,,,770,76801,0,356,209,2007,2014,0,1,0,1,0,0,0,0,0,0,0,0,0,0,0,0,0.4445,0.288625,NSA.3.4-1564,parity,no,0,no,no,1,no,tacit,,0,1,1,0,0.875,1,0,,8,,,0,2
774,BRA/Baluchistan Republican Army,711,Pakistan,0,,,,,770,77403,0,,129,2008,2014,0,1,0,1,0,0,0,0,0,0,2,0,0,0,0,0,0.4475,0.28875,NSA.3.4-1051,much weaker,yes,0,no,alleged,0,no,no,,,,,0,1,0,0,,2,,,1,2.25
844,Lashkar-e-Islam,11336,Pakistan,0,,,,,770,84402,0,,209,2009,2014,0,1,0,1,0,0,0,0,0,0,1,0,0,0,0,0,0.4578,0.293,,,,,,,,,,,,,,0,1,0,0,,3,,,0,2.6
843,TTP - TA,11497,Pakistan,0,,,,,770,84301,0,,209,2012,2012,0,1,0,1,0,0,0,0,0,0,1,0,0,0,0,0,0.458,0.295,,,,,,,,,,,,,,0,1,0,0,,1,0.521200001,0,0,3
874,IMU,10961,Pakistan,0,,,,,770,1096101,0,,209,2014,2014,0,1,0,1,0,0,0,0,0,0,0,0,0,0,0,0,0.463,0.287,,,,,,,,,,,,,,,,,,,,,,,
875,Jamaat-ul-Ahrar,14227,Pakistan,0,,,,,770,1422701,0,,209,2014,2014,0,1,0,1,0,0,0,0,0,0,0,0,0,0,0,0,0.463,0.287,,,,,,,,,,,,,,,,,,,,,,,
461,Military faction (forces of Mois�s Giroldi),5589,Panama,0,,,,,95,46101,0,,172,1989,1989,1,0,0,0,0,0,0,0,3,0,0,3,0,0,3,0,0.146,0.124,NSA.3.4-1357,weaker,yes,0,no,explicit,0,no,no,,,,,0,0,1,0,-1,1,0.349299997,1,0,1
337,BRA,5475,Papua New Guinea,0,,,,,910,33702,1,328,174,1990,1996,1,0,0,0,0,0,2,4,0,4,4,4,4,2,2,0,0.505833333,0.298666667,NSA.3.4-1360,parity,yes,0,explicit,explicit,1,no,tacit,1,1,,1,0,0,0,0,0,5,0.591266662,0,1,1
673,"Opposition coalition [Febreristas, Liberals and Communists]",424,Paraguay,0,,,,,150,67301,0,,22,1947,1947,1,0,0,0,0,0,0,0,0,0,0,0,0,0,0,0,0.132,0.081,NSA.3.4-82,weaker,yes,0,no,no,0,no,no,,,,,0,1,1,0,-1,1,,0,0,1
671,Military faction (forces of General Alfredo Stroessner),425,Paraguay,0,,,,,150,67101,0,,22,1954,1954,1,0,0,0,0,0,0,0,0,0,0,0,0,0,0,0,0.137,0.065,NSA.3.4-79,stronger,yes,0,no,no,0,no,no,,,,,0,1,2,0,1,1,0.044300001,0,0,1
474,Military Faction (forces of General Rodriguez),426,Paraguay,0,,,,,150,47401,0,,22,1989,1989,1,0,0,0,0,0,0,0,0,0,0,0,0,0,0,0,0.186,0.08,NSA.3.4-76,parity,yes,0,no,no,0,no,no,,,,,0,1,2,0,0,1,0.237200007,1,0,1
235,Sendero Luminoso,5382,Peru,0,,,,,135,23502,2,750,95,1982,2010,0,0,1,1,3,6,0,0,3,3,6,9,6,0,3,0,0.5615,0.337636364,NSA.3.4-781,much weaker,yes,0,no,no,0,no,no,1,1,1,1,0,0.954545455,0,0,,18,0.436831818,1,0,1.227272727
319,MRTA,5457,Peru,0,,,,,135,31901,1,751,95,1989,1993,1,0,0,0,2,4,2,0,0,0,2,2,4,0,2,0,0.4746,0.2784,NSA.3.4-784,much weaker,yes,0,no,no,0,no,no,1,0,,1,0,1,0,0,-2,5,0.320379999,1,0,2
499,MIR,12345,Peru,0,,,,,135,49901,0,,95,1965,1965,1,0,0,0,0,0,0,0,0,0,0,0,0,0,0,0,0.441,0.222,NSA.3.4-787,much weaker,yes,0,no,no,0,no,no,,,,,0,0,0,0,-2,1,0.412699997,0,0,2
500,ELN,11947,Peru,0,,,,,135,50001,0,744,95,1965,1965,1,0,0,0,0,0,0,0,0,0,0,0,0,0,0,0,0.441,0.222,NSA.3.4-790,much weaker,yes,0,no,no,0,no,no,1,1,1,1,0,0,0,0,-2,1,0.412699997,0,0,2
217,Communist Party of the Philippines,5368,Philippines,0,,,,,840,21703,1,,10,1969,2014,0,0,1,1,0,0,0,22,0,4,4,14,22,0,0,0.409090909,0.386863636,0.280272727,NSA.3.4-40,weaker,yes,0,explicit,no,0,no,no,,,,,1,1,0,0,,27,,,0,1.068181818
242,MILF,5389,Philippines,0,,,,,840,24205,1,276,112,1990,2011,0,0,1,1,2,2,2,8,0,6,10,6,10,0,2,0.625,0.5339375,0.369375,NSA.3.4-859,weaker,yes,0,explicit,no,1,no,tacit,1,0,1,1,1,1,0,0,-1,10,0.508506253,0,1,2.0625
249,Abu Sayyaf,5396,Philippines,0,,,,,840,24903,1,,112,1993,2014,0,0,1,1,2,4,0,8,0,0,4,6,12,2,0,0,0.5333,0.36885,NSA.3.4-868,much weaker,yes,0,explicit,no,1,alleged,tacit,1,,,1,0,1,0,0,,8,,,1,2.05
469,Huk,5596,Philippines,0,,,,,840,46901,0,,10,1946,1954,1,0,0,0,0,0,0,12,0,0,0,6,12,0,0,0,0.342333333,0.239888889,NSA.3.4-46,parity,yes,0,explicit,no,0,no,no,,,,,0,1,1,0,0,9,,0,0,1
507,MIM/Mindanao Independence Movement,11662,Philippines,0,,,,,840,50701,0,,112,1970,1971,1,0,0,0,0,0,0,0,0,0,2,0,0,0,0,0,0.348,0.25,NSA.3.4-874,weaker,yes,0,no,no,0,no,no,,,,,0,0,0,0,-1,2,0.254050002,0,1,1
247,MNLF,5394,Philippines,0,,,,,840,24702,0,275,112,1972,1993,1,0,0,0,0,0,0,14,0,2,4,8,14,2,0,0,0.23825,0.1917,NSA.3.4-865,weaker,yes,0,explicit,explicit,1,no,tacit,1,0,,1,0,1,0,0,-1,19,0.270229996,1,1,1.1
220,"Military Faction (forces of Honasan, Abenina & Zumel)",5371,Philippines,0,,,,,840,22002,0,170,10,1987,1990,1,0,0,0,0,0,0,0,0,0,6,0,0,0,0,0,0.518333333,0.373666667,NSA.3.4-43,much weaker,yes,0,explicit,no,0,no,no,,0,,,0,1,0,0,-2,2,0.515033325,1,0,2
252,MNLF � NM,5398,Philippines,0,,,,,840,25203,0,,112,2001,2013,0,1,0,1,0,0,0,0,0,0,2,0,0,0,0,0,0.527333333,0.363,NSA.3.4-871,much weaker,yes,0,explicit,no,0,no,tacit,,,,,0,1,0,0,,1,,0,1,3
647,MNLF � HM,660,Philippines,0,,,,,840,64701,0,,112,2007,2007,0,1,0,1,0,0,0,0,0,0,1,0,0,0,0,0,0.471,0.326,NSA.3.4-877,much weaker,yes,0,explicit,no,0,no,no,,,,,0,1,0,0,-2,1,0.491299987,0,1,3
834,BIFM,11246,Philippines,0,,,,,840,83401,0,,112,2012,2014,0,1,0,1,0,0,0,0,0,0,0,0,0,0,0,0,0.553333333,0.381,,,,,,,,,,,,,,0,1,0,0,,3,,,1,2.333333333
357,National Salvation Front,5492,Rumania,0,,,,,360,35701,1,,175,1989,1989,1,0,0,0,0,0,2,0,0,0,0,2,0,0,2,0,0.126,0.06,NSA.3.4-1363,much stronger,no,0,no,no,0,no,no,0,,,,0,0,1,0,2,1,0.332700014,1,0,1
348,Republic of Chechnya,5486,Russia (Soviet Union),0,,,,,365,34802,2,,206,1994,2007,0,0,1,1,2,4,2,4,2,2,4,6,8,2,4,0.75,0.391833333,0.248416667,NSA.3.4-1549,weaker,yes,0,no,alleged,1,minor,explicit,1,,,1,1,0.916666667,1,0,-1,9,0.339974999,1,1,1
478,Forest Brothers,5604,Russia (Soviet Union),0,,,,,365,47801,0,,11,1946,1948,1,0,0,0,0,0,0,0,0,0,2,0,0,0,0,0,0.1,0.021,NSA.3.4-49,weaker,no,0,no,no,0,no,no,,,,,0,1,0,0,-1,3,,0,1,1
479,LTS[p]A,5605,Russia (Soviet Union),0,,,,,365,47901,0,,12,1946,1946,1,0,0,0,0,0,0,0,0,0,2,0,0,0,0,0,0.1,0.021,NSA.3.4-52,weaker,yes,0,,,,,,,,,,0,0,0,0,-1,1,,0,1,2
481,LNPA,5607,Russia (Soviet Union),0,,,,,365,48101,0,,12,1946,1946,1,0,0,0,0,0,0,0,0,0,3,0,0,0,0,0,0.1,0.021,NSA.3.4-55,weaker,yes,0,,,,,,,,,,0,0,0,0,-1,1,,0,1,2
482,BDPS,5608,Russia (Soviet Union),0,,,,,365,48201,0,,13,1946,1948,1,0,0,0,0,0,0,0,0,0,3,0,0,0,0,0,0.1,0.021,NSA.3.4-58,weaker,yes,0,no,no,0,no,no,,,,,0,1,0,0,-1,3,,0,1,1
483,UPA,5609,Russia (Soviet Union),0,,,,,365,48301,0,486,14,1946,1950,1,0,0,0,0,0,0,0,0,0,3,0,0,0,0,0,0.1006,0.021,NSA.3.4-61,weaker,yes,0,,,,,,1,1,1,1,0,1,0,0,-1,5,,0,1,1
370,Government of Armenia and ANM,5502,Russia (Soviet Union),0,,,,,365,37001,0,,181,1990,1991,1,0,0,0,0,0,0,0,0,0,2,0,0,0,0,0,0.2465,0.1395,NSA.3.4-1390,parity,yes,0,no,no,0,no,tacit,0,,,,0,0,1,0,0,2,,1,1,1
373,Azerbaijani Popular Front,5505,Russia (Soviet Union),0,,,,,365,37301,0,,182,1990,1990,1,0,0,0,0,0,0,0,0,0,0,0,0,0,0,0,0.239,0.122,NSA.3.4-1393,much weaker,yes,0,no,no,0,no,tacit,0,,,,0,0,0,0,-2,1,,0,1,1
350,Parliamentary forces,5488,Russia (Soviet Union),0,,,,,365,35001,0,351,204,1993,1993,1,0,0,0,0,0,0,0,0,0,0,0,0,0,0,0,0.484,0.311,NSA.3.4-1537,much weaker,yes,0,no,no,0,no,no,0,0,,,0,0,0,0,-2,1,0.308400005,0,0,1
368,Wahhabi movement of the Buinaksk district,5500,Russia (Soviet Union),0,,,,,365,36801,0,358,220,1999,1999,0,1,0,1,0,0,0,0,0,0,0,0,0,0,0,1,0.462,0.293,NSA.3.4-1603,weaker,,0,no,no,0,,tacit,,0,,,1,0,0,0,-1,1,0.325199991,0,1,1
773,Forces of the Caucasus Emirate,899,Russia (Soviet Union),0,,,,,365,77301,0,367,257,2007,2014,0,1,0,1,0,0,0,0,0,0,0,0,0,0,0,0,0.300875,0.186,NSA.3.4-1690,much weaker,no,0,no,no,0,no,,,0,1,1,0,0.75,0,0,,8,,,1,1
127,FPR,5291,Rwanda,1,1,1,0,0,517,12701,1,527,179,1990,1994,1,0,0,0,0,0,2,4,0,0,0,4,4,0,2,1,0.2216,0.089,NSA.3.4-1378,stronger,yes,0,explicit,explicit,1,major,explicit,1,1,1,1,1,1,2,1,1,5,0.11472,0,0,1
128,Opposition alliance,5292,Rwanda,1,0,1,1,1,517,12801,0,,179,1996,2000,0,0,1,1,0,0,0,0,0,0,2,0,0,0,0,0.8,0.1088,0.1114,NSA.3.4-1381,weaker,yes,0,explicit,explicit,1,major,explicit,1,,,1,1,1,0,1,,5,0.1764,0,0,1
828,FDLR,12102,Rwanda,0,,,,,517,82802,0,528,179,2001,2012,0,1,0,1,0,0,0,0,0,0,2,0,0,0,0,0,0.1825,0.1715,NSA.3.4-1384,weaker,yes,0,explicit,no,1,major,explicit,,1,1,1,0,1,0,1,,4,0.272999999,0,0,1
548,JSM,757,Saudi Arabia,0,,,,,670,54801,0,,145,1979,1979,1,0,0,0,0,0,0,0,0,0,0,0,0,0,0,0,0.013,0.011,NSA.3.4-1240,weaker,yes,0,explicit,no,,,,,,,,0,0,0,0,-1,1,0.077200003,0,0,1
129,MFDC,5293,Senegal,1,0,0,1,1,433,12907,1,529,180,1990,2011,0,0,1,1,0,0,2,2,2,6,14,4,2,4,4,0.5,0.623,0.3057,NSA.3.4-1387,weaker,no,0,explicit,alleged,1,no,no,0,1,1,1,1,0.5,0,0,,2,0.355789998,1,1,1
272,Republic of Croatia,5417,Serbia (Yugoslavia),0,,,,,345,27201,0,337,190,1991,1991,1,0,0,0,0,0,0,0,0,0,2,0,0,0,0,0,0.165,0.138,NSA.3.4-1447,weaker,yes,0,no,explicit,0,no,tacit,0,0,,,0,1,1,0,-1,1,0.193200007,0,1,2
273,Croatian irregulars,5418,Serbia (Yugoslavia),0,,,,,345,27301,0,370,190,1991,1991,1,0,0,0,0,0,0,0,0,0,2,0,0,0,0,0,0.165,0.138,NSA.3.4-1450,much weaker,no,0,,,,,,0,0,,,0,1,0,0,-2,1,0.193200007,0,1,2
281,Republic of Slovenia,5425,Serbia (Yugoslavia),0,,,,,345,28101,0,336,189,1991,1991,1,0,0,0,0,0,0,0,0,2,2,0,0,0,0,0,0.165,0.138,NSA.3.4-1444,weaker,yes,0,no,explicit,0,no,tacit,0,0,,,0,0,1,0,-1,1,0.193200007,0,1,1
295,UCK,868,Serbia (Yugoslavia),0,,,,,345,29501,0,361,218,1998,1999,0,1,0,1,0,0,0,0,1,1,1,1,0,1,1,0,0.2815,0.188,NSA.3.4-1594,weaker,yes,0,no,explicit,1,minor,explicit,1,0,,1,0,1,0,0,-1,2,0.082399998,0,1,1
130,RUF,5294,Sierra Leone,1,0,1,1,0,451,13001,1,532,187,1991,2001,0,0,1,1,3,6,0,9,3,3,3,12,15,6,3,1,0.210818182,0.144454545,NSA.3.4-1426,weaker,yes,0,explicit,explicit,1,no,no,1,1,1,1,1,0.818181818,1,0,,11,0.217463635,1,0,1.545454545
131,AFRC,5295,Sierra Leone,1,1,1,1,0,451,13101,1,533,187,1997,1999,0,0,1,1,0,0,0,6,2,0,2,4,6,4,2,1,0.250666667,0.168666667,NSA.3.4-1429,parity,yes,0,explicit,no,0,no,no,1,1,1,1,1,1,1,0,0,3,0.259633332,0,0,2.666666667
132,Kamajors,5296,Sierra Leone,1,1,1,1,0,451,13201,0,534,187,1997,1998,0,0,1,1,0,0,0,0,0,0,2,0,0,0,0,1,0.259,0.172,NSA.3.4-1432,parity,yes,0,no,no,0,no,no,1,1,1,1,1,1,1,0,0,2,0.241599992,0,0,3
714,WSB,821,Sierra Leone,1,0,0,1,0,451,71401,0,,187,2000,2000,0,1,0,1,0,0,0,0,0,0,0,0,0,0,0,0,0.235,0.161,NSA.3.4-1435,much weaker,yes,0,explicit,no,0,no,no,,,,,0,1,0,0,-2,1,0.321700007,0,0,2
209,SSDF,5361,Somalia,0,,,,,520,20901,0,,141,1982,1984,1,0,0,0,0,0,0,6,2,0,2,4,6,0,2,0,0.147333333,0.053,NSA.3.4-1198,weaker,yes,0,no,no,0,no,no,,,,,0,0,0,0,-1,3,0.055933333,0,0,1.666666667
207,SNM,744,Somalia,0,,,,,520,20702,0,500,141,1983,1991,1,0,0,0,0,0,0,0,0,0,2,0,0,0,0,0,0.13825,0.051875,NSA.3.4-1192,weaker,yes,0,no,no,1,no,no,1,0,,1,0,0.5,1,0,-1,6,0.063,0,0,2
208,SPM,5360,Somalia,0,,,,,520,20801,0,501,141,1989,1991,1,0,0,0,0,0,0,0,0,0,2,0,0,0,0,0,0.144333333,0.053,NSA.3.4-1195,weaker,yes,0,no,no,0,no,no,1,0,,1,0,1,1,0,-1,3,0.068166666,0,0,3
210,USC,5362,Somalia,0,,,,,520,21001,0,502,141,1990,1991,1,0,0,0,0,0,0,0,0,0,0,0,0,0,0,0,0.1435,0.053,NSA.3.4-1201,much weaker,yes,0,no,no,0,no,no,1,1,,1,0,1,1,0,-2,2,0.073399998,0,0,3.5
211,USC Faction,1125,Somalia,1,0,1,1,1,520,21101,0,,141,1991,1996,1,0,0,0,0,0,0,0,0,0,2,0,0,0,0,0.833333333,0.164833333,0.069333333,NSA.3.4-1204,parity,yes,0,explicit,alleged,0,no,no,1,,,1,1,1,1,0,0,6,0.069433333,0,0,1.5
212,SRRC,5363,Somalia,1,0,1,0,1,520,21201,0,504,141,2001,2002,0,1,0,1,0,0,0,0,0,0,3,0,0,0,0,0,0.183,0.081,NSA.3.4-1207,weaker,yes,0,explicit,explicit,,no,no,1,0,,1,0,1,1,0,-1,2,0.08475,0,0,1
632,ARS/UIC,749,Somalia,1,0,1,1,0,520,63201,0,505,141,2006,2008,0,1,0,1,0,0,0,2,0,0,1,1,2,0,0,0,0.193,0.085,NSA.3.4-1210,weaker,yes,0,explicit,explicit,1,minor,tacit,,0,,,0,1,1,0,-1,3,0.080433334,0,0,1.333333333
770,Al-Shabaab,1197,Somalia,0,,,,,520,77001,0,717,141,2008,2014,0,1,0,1,0,0,0,0,0,0,0,0,0,0,0,0.571428571,0.19,0.093571429,NSA.3.4-1213,parity,yes,0,explicit,explicit,1,minor,explicit,,1,1,1,1,1,1,0,,7,,,0,1.428571429
804,Hizbul-Islam,752,Somalia,0,,,,,520,80401,0,,141,2009,2010,0,1,0,1,0,0,0,0,0,0,1,0,0,0,0,0,0.199,0.0925,NSA.3.4-1219,weaker,yes,0,explicit,explicit,0,no,,,,,,0,1,1,0,-1,2,0.110349998,0,0,2
516,SWAPO,938,South Africa,0,,,,,560,51601,1,,101,1966,1988,1,0,0,0,0,0,0,2,2,2,2,6,2,2,2,0,0.172173913,0.128869565,NSA.3.4-811,weaker,yes,0,no,explicit,1,no,tacit,,,,,0,0.47826087,0,0,-1,23,0.875269563,0,1,1
558,ANC,766,South Africa,0,,,,,560,55802,1,399,150,1981,1988,1,0,0,0,0,0,1,0,0,0,2,1,0,1,1,0,0.181428571,0.131285714,NSA.3.4-1273,weaker,yes,0,no,explicit,1,no,tacit,,0,1,1,0,0,0,0,-1,4,0.793199999,0,0,1
818,SSDM/A,11978,South Sudan,0,,,,,626,81801,0,,270,2011,2011,0,1,0,1,0,0,0,0,0,1,1,0,0,0,0,0,0.213,0.107,,,,,,,,,,,,,,0,0,0,0,,1,,0,0,2
819,SSLM/A,11979,South Sudan,0,,,,,626,81901,0,,270,2011,2012,0,1,0,1,0,0,0,0,0,1,1,0,0,0,0,0.5,0.213,0.106,NSA.3.4-1726,weaker,yes,0,no,explicit,1,no,no,,,,,1,0,1,0,,2,,0,0,1.5
859,SPLM/A In Opposition,12413,South Sudan,0,,,,,626,85901,0,,270,2013,2014,0,1,0,1,0,0,0,0,0,0,0,0,0,0,0,1,0.183,0.088,,,,,,,,,,,,,,1,1,0,0,,2,,,0,1.5
860,SSDM/A - Cobra Faction,11805,South Sudan,0,,,,,626,86001,0,,270,2013,2013,0,1,0,1,0,0,0,0,0,1,1,0,0,0,0,1,0.186,0.088,,,,,,,,,,,,,,1,1,0,0,,1,,0,0,2
614,FNL,505,South Vietnam,0,,,,,817,61401,0,,52,1955,1964,1,0,0,0,0,0,0,0,0,0,1,0,0,0,0,0,0.2727,0.1624,NSA.3.4-355,parity,yes,0,explicit,explicit,1,major,explicit,,,,,0,1,1,0,0,10,,,1,1
564,Yemenite Socialist Party - Abdul Fattah Ismail faction,786,South Yemen,0,,,,,680,56401,0,,164,1986,1986,1,0,0,0,0,0,0,0,0,0,0,0,0,0,0,0,0.117,0.058,NSA.3.4-1330,stronger,yes,0,no,no,0,no,no,,,,,0,1,1,0,1,1,0.222599998,0,0,1
366,ETA,5499,Spain,0,,,,,230,36603,0,313,147,1978,1991,1,0,0,0,0,0,0,0,0,3,9,0,0,0,0,0,0.843888889,0.593555556,NSA.3.4-1264,much weaker,yes,0,explicit,no,1,no,tacit,1,0,,1,0,0,0,0,-2,5,0.84444444,1,1,1
256,JVP,5402,Sri Lanka,0,,,,,780,25602,0,281,117,1971,1990,1,0,0,0,0,0,0,0,2,0,0,2,0,0,2,0.666666667,0.514666667,0.270666667,NSA.3.4-934,weaker,yes,0,explicit,no,0,no,no,1,0,1,1,1,1,0,0,-1,2,0.573399981,0,0,1
243,LTTE,5390,Sri Lanka,0,,,,,780,24303,0,320,157,1984,2009,0,0,1,1,0,0,0,14,2,2,4,10,14,0,2,0.791666667,0.485875,0.271875,NSA.3.4-1303,weaker,yes,0,no,no,1,major,explicit,1,1,1,1,1,0.916666667,0,0,-1,18,0.549583333,0,1,1.166666667
526,TELO,777,Sri Lanka,0,,,,,780,52601,0,321,157,1984,1985,1,0,0,0,0,0,0,0,0,0,1,0,0,0,0,0,0.491,0.262,NSA.3.4-1306,much weaker,yes,0,no,no,,,explicit,,0,,,0,0,0,0,-2,2,0.554749995,0,1,2.5
687,EPRLF,778,Sri Lanka,0,,,,,780,68702,0,322,157,1985,1989,1,0,0,0,0,0,0,0,0,0,2,0,0,0,0,0.5,0.473,0.258,NSA.3.4-1312,much weaker,,0,no,no,,,,,0,,,1,0.5,0,0,-2,1,0.550699979,0,1,2.5
641,SPLM,663,Sudan,1,1,1,1,1,625,64101,1,,113,1983,2004,0,0,1,1,1,2,0,5,0,1,1,4,7,1,0,0.636363636,0.172227273,0.082772727,NSA.3.4-904,weaker,yes,0,explicit,explicit,1,no,explicit,1,,,1,1,1,0,0,-1,22,0.123813637,1,0,1.454545455
676,Anya Nya,580,Sudan,0,,,,,625,67601,0,,85,1963,1972,1,0,0,0,0,0,0,2,1,1,1,2,2,1,1,0,0.147,0.072,NSA.3.4-613,weaker,no,0,no,explicit,1,no,no,,,,,0,1,1,0,-1,10,0.29508,1,1,1
520,Sudanese Communist Party,940,Sudan,0,,,,,625,52001,0,,113,1971,1971,1,0,0,0,0,0,0,0,0,0,0,0,0,0,0,0,0.105,0.065,NSA.3.4-892,weaker,yes,0,no,no,0,no,no,,,,,0,0,0,0,-1,1,0.262699991,0,0,1
521,Islamic Charter Front,662,Sudan,0,,,,,625,52101,0,,113,1976,1976,1,0,0,0,0,0,0,0,0,0,0,0,0,0,0,0,0.164,0.051,NSA.3.4-895,weaker,,0,explicit,alleged,0,no,tacit,,,,,0,0,0,0,-1,1,0.25940001,0,0,1
645,Faction of SPLM,948,Sudan,1,1,1,1,1,625,64501,0,,113,1996,2001,0,0,1,1,0,0,0,4,2,0,2,2,4,0,2,1,0.143333333,0.062833333,NSA.3.4-907,much weaker,yes,0,explicit,no,0,no,no,1,,,1,1,1,0,0,-2,6,0.04605,0,0,2
630,NRF,1176,Sudan,1,0,1,0,0,625,63001,0,470,113,2006,2006,0,1,0,1,0,0,0,0,0,0,2,0,0,0,0,1,0.21,0.099,NSA.3.4-898,weaker,yes,0,no,explicit,1,no,no,,0,,,1,1,0,0,-1,1,0.1039,0,0,3
808,Forces of George Athor,670,Sudan,0,,,,,625,80801,0,,113,2010,2011,0,1,0,1,0,0,0,0,0,0,1,0,0,0,0,0.5,0.229,0.111,NSA.3.4-913,much weaker,yes,0,no,no,0,no,no,,,,,1,1,0,0,-2,2,0.132100001,0,0,4.5
812,SPLM/A-North,11975,Sudan,0,,,,,625,81201,0,,113,2011,2011,0,1,0,1,0,0,0,0,0,2,2,0,0,0,0,1,0.23,0.11,NSA.3.4-916,weaker,yes,0,no,explicit,1,alleged,explicit,,,,,1,1,1,0,-1,1,0.138600007,0,0,6
813,SSLM/A,11976,Sudan,0,,,,,625,81301,0,,113,2011,2011,0,1,0,1,0,0,0,0,0,0,1,0,0,0,0,1,0.23,0.11,NSA.3.4-919,weaker,yes,0,no,no,0,no,no,,,,,1,1,1,0,-1,1,0.138600007,0,0,6
815,Republic of South Sudan,11977,Sudan,0,,,,,625,81501,0,1129,269,2011,2011,0,1,0,1,0,0,0,0,0,0,1,0,0,0,0,1,0.23,0.11,NSA.3.4-1723,parity,yes,0,no,no,0,no,no,,0,,,1,0,1,0,0,1,0.138600007,0,1,1
833,SRF,11988,Sudan,0,,,,,625,83301,0,,113,2011,2014,0,1,0,1,0,0,0,0,0,0,0,0,0,0,0,1,0.227,0.0975,,,,,,,,,,,,,,1,1,0,0,,4,,,0,2.75
872,Darfur Joint Resistance Forces,14150,Sudan,0,,,,,625,1415001,0,,113,2014,2014,0,1,0,1,0,0,0,0,0,0,0,0,0,0,0,0,0.227,0.086,,,,,,,,,,,,,,,,,,,,,,,
873,SARC,14134,Sudan,0,,,,,625,1413401,0,,113,2014,2014,0,1,0,1,0,0,0,0,0,0,0,0,0,0,0,0,0.227,0.086,,,,,,,,,,,,,,,,,,,,,,,
433,SLM/A,5561,Sudan,1,0,1,0,0,625,43302,1,469,113,2003,2011,0,1,0,1,0,0,0,9,3,0,6,6,9,3,3,1,0.208125,0.101125,NSA.3.4-883,weaker,yes,0,no,explicit,1,no,tacit,,1,1,1,1,1,0,0,-1,4,0.100762501,0,0,3
434,JEM,5562,Sudan,1,0,1,0,0,625,43402,1,468,113,2003,2011,0,1,0,1,0,0,0,6,3,3,6,6,6,3,3,1,0.208142857,0.101285714,NSA.3.4-889,weaker,yes,0,no,explicit,1,no,no,,1,1,1,1,1,0,0,-1,5,0.102300001,0,0,3.142857143
631,SLM/A � MM,668,Sudan,1,0,1,0,1,625,63101,1,,113,2006,2006,0,1,0,1,0,0,0,0,0,1,1,0,0,0,0,1,0.21,0.099,NSA.3.4-901,weaker,yes,0,no,explicit,1,no,no,,,,,1,1,0,0,-1,1,0.1039,0,0,3
648,SLM/A�Unity,669,Sudan,1,0,1,0,0,625,64801,1,,113,2007,2008,0,1,0,1,0,0,0,0,0,0,1,0,0,0,0,1,0.2105,0.097,NSA.3.4-910,weaker,yes,0,no,explicit,1,no,no,,,,,1,1,0,0,-1,2,0.1096,0,0,2.5
559,SLA/Jungle Commando,784,Suriname,0,,,,,115,55901,1,,162,1987,1987,1,0,0,0,0,0,1,0,0,1,1,1,0,1,1,0,0.194,0.139,NSA.3.4-1324,weaker,yes,0,no,no,0,no,no,,,,,0,0,1,0,-1,1,0.309199989,0,0,1
518,Military faction (forces loyal to Nureddin Atassi and Youssef Zeayen),642,Syria,0,,,,,652,51801,0,,102,1966,1966,1,0,0,0,0,0,0,0,0,0,0,0,0,0,0,0,0.102,0.039,NSA.3.4-814,stronger,yes,0,no,no,0,no,no,,,,,0,0,2,0,1,1,0.036699999,0,0,1
519,Muslim Brotherhood,643,Syria,0,,,,,652,51901,0,,102,1979,1982,1,0,0,0,0,0,0,2,1,0,0,2,2,0,1,0,0.14375,0.062,NSA.3.4-817,weaker,no,0,explicit,alleged,0,alleged,tacit,,,,,0,0.25,0,0,-1,4,0.044625,0,0,1
867,Syrian insurgents,11973,Syria,0,,,,,652,86701,0,,102,2011,2014,0,1,0,1,0,0,0,0,0,0,0,0,0,0,0,0.5,0.14175,0.057,,,,,,,,,,,,,,1,1,0,0,,4,,,0,1
353,UTO,5489,Tajikistan,0,,,,,702,35302,0,345,200,1992,1998,0,0,1,1,0,0,0,0,4,2,2,4,0,4,4,1,0.2075,0.080666667,NSA.3.4-1516,weaker,yes,0,explicit,no,1,alleged,explicit,1,0,,1,1,1,0,0,-1,5,0.174200001,0,0,1.333333333
848,PFT,12298,Tajikistan,0,,,,,702,84801,0,,200,1992,1992,1,0,0,0,0,0,0,0,0,1,1,0,0,0,0,1,0.292,0.1,,,,,,,,,,,,,,1,1,0,0,,1,0.177200004,0,0,2
415,Movement for Peace in Tajikistan,5544,Tajikistan,0,,,,,702,41501,0,,200,1997,1998,0,0,1,1,0,0,0,0,2,0,0,2,0,2,2,0,0.186,0.081,NSA.3.4-1519,weaker,yes,0,no,no,0,minor,no,0,,,,0,1,0,0,,2,0.17075,0,0,1.5
849,Forces of Mullo Abdullo,12300,Tajikistan,0,,,,,702,84902,0,,200,2000,2010,0,1,0,1,0,0,0,0,0,0,0,0,0,0,0,0,0.2265,0.0915,,,,,,,,,,,,,,0,1,0,0,,1,0.192550004,0,0,1.5
809,IMU,908,Tajikistan,0,,,,,702,80901,0,359,200,2010,2011,0,1,0,1,0,0,0,0,0,0,0,0,0,0,0,0,0.2225,0.079,NSA.3.4-1714,weaker,yes,0,no,no,0,no,no,,0,,,0,1,0,0,-1,2,0.212300003,0,0,1.5
598,Military Faction [Navy],487,Thailand,0,,,,,800,59801,0,,43,1951,1951,1,0,0,0,0,0,0,0,0,0,0,0,0,0,0,0,0.133,0.028,NSA.3.4-295,weaker,yes,0,no,no,0,no,no,,,,,0,0,1,0,-1,1,0.188199997,0,0,1
599,CPT,488,Thailand,0,,,,,800,59901,0,,43,1974,1982,1,0,0,0,0,0,0,5,1,0,1,3,5,0,1,0,0.213666667,0.071333333,NSA.3.4-298,weaker,yes,0,explicit,explicit,1,major,no,,,,,0,1,0,0,-1,9,0.315955553,1,0,1
472,Patani insurgents,11558,Thailand,0,,,,,800,47201,0,365,248,2003,2014,0,1,0,1,0,0,0,4,0,0,0,2,4,0,0,0,0.403166667,0.196916667,NSA.3.4-1657,weaker,no,0,no,no,0,no,,,0,1,1,0,0.5,1,0,,12,,,1,1
471,MTD,5598,Togo,0,,,,,461,47101,0,,163,1986,1986,1,0,0,0,0,0,0,0,3,0,0,3,0,0,3,0,0.15,0.065,NSA.3.4-1327,weaker,yes,0,explicit,alleged,1,no,no,,,,,0,0,0,0,-1,1,0.0374,0,0,1
219,Jamaat al-Muslimeen,5370,Trinidad and Tobago,0,,,,,52,21901,0,762,183,1990,1990,1,0,0,0,0,0,0,0,2,0,0,2,0,0,2,0,0.741,0.467,NSA.3.4-1396,weaker,yes,0,explicit,alleged,0,no,no,0,0,,,0,0,0,0,-1,1,0.907800019,0,0,1
551,Resistance Armee Tunisienne,12079,Tunisia,0,,,,,616,55101,0,,148,1980,1980,1,0,0,0,0,0,0,0,0,0,0,0,0,0,0,0,0.197,0.105,NSA.3.4-1267,weaker,yes,0,explicit,explicit,1,no,no,,,,,0,0,1,0,-1,1,0.136399999,0,0,1
333,PKK/Kadek,5471,Turkey,0,,,,,640,33301,1,,159,1984,2013,0,0,1,1,0,0,0,16,0,2,2,10,16,0,0,0,0.561233333,0.345966667,NSA.3.4-1321,weaker,yes,0,explicit,explicit,1,major,explicit,1,,,1,0,0.9,0,0,,30,,0,1,1
330,Devrimci Sol,5468,Turkey,0,,,,,640,33001,0,334,188,1991,1992,1,0,0,0,0,0,0,0,0,0,2,0,0,0,0,0,0.544,0.34,NSA.3.4-1438,much weaker,yes,0,explicit,alleged,1,minor,no,0,0,,,0,0,0,0,-2,2,0.765799999,0,0,1
457,MKP,5585,Turkey,0,,,,,640,45701,0,335,188,2005,2005,0,1,0,1,0,0,0,0,0,0,0,0,0,0,0,0,0.673,0.409,NSA.3.4-1441,weaker,yes,0,no,no,0,no,no,,0,,,0,0,1,0,-1,1,0.690599978,0,0,1
574,UPM/NRA,681,Uganda,0,,,,,500,57401,1,,118,1981,1986,1,0,0,0,0,0,1,0,0,0,0,1,0,0,1,0,0.203833333,0.069333333,NSA.3.4-973,weaker,yes,0,no,no,0,no,no,,,,,0,1,1,0,-1,6,0.247616667,0,0,2.166666667
151,LRA,5314,Uganda,1,1,1,1,1,500,15105,1,488,118,1988,2014,0,0,1,1,2,4,0,4,2,2,8,6,8,2,2,0.909090909,0.294454545,0.214454545,NSA.3.4-949,weaker,yes,0,explicit,no,1,no,no,1,1,1,1,1,1,1,0,,7,,,0,1.772727273
554,Military faction (forces of Idi Amin),675,Uganda,0,,,,,500,55401,0,,118,1971,1971,1,0,0,0,0,0,0,0,0,0,0,0,0,0,0,0,0.12,0.042,NSA.3.4-964,much stronger,yes,0,no,no,0,no,no,,,,,0,0,2,0,2,1,0.117299996,0,0,1
700,Kikosi Maalum,951,Uganda,0,,,,,500,70002,0,,118,1972,1979,1,0,0,0,0,0,0,0,0,0,2,0,0,0,0,0,0.087,0.022,NSA.3.4-982,weaker,yes,0,explicit,explicit,1,no,no,,,,,0,0.5,1,0,-1,1,0.135050002,0,0,2
555,Military faction (forces of Charles Arube),677,Uganda,0,,,,,500,55501,0,,118,1974,1974,1,0,0,0,0,0,0,0,0,0,0,0,0,0,0,0,0.085,0.021,NSA.3.4-967,much weaker,,0,no,explicit,1,no,no,,,,,0,0,0,0,-2,1,0.078599997,0,0,1
556,UNLF,679,Uganda,0,,,,,500,55601,0,315,118,1979,1979,1,0,0,0,0,0,0,0,0,0,0,0,0,0,0,0,0.086,0.021,NSA.3.4-970,weaker,yes,0,explicit,explicit,1,no,no,1,0,,1,0,1,1,0,-1,1,0.178100005,0,0,3
701,Fronasa,678,Uganda,0,,,,,500,70101,0,,118,1979,1979,1,0,0,0,0,0,0,0,0,0,1,0,0,0,0,0,0.086,0.021,NSA.3.4-985,weaker,yes,0,explicit,explicit,1,no,no,,,,,0,1,1,0,-1,1,0.178100005,0,0,3
703,FUNA,1189,Uganda,0,,,,,500,70301,0,,118,1980,1981,1,0,0,0,0,0,0,0,0,0,2,0,0,0,0,0,0.162,0.061,NSA.3.4-988,weaker,yes,0,explicit,no,0,no,no,,,,,0,1,1,0,-1,2,0.316650003,1,0,2
704,UNRF,1190,Uganda,0,,,,,500,70401,0,,118,1981,1983,1,0,0,0,0,0,0,0,0,0,2,0,0,0,0,0,0.23,0.073,NSA.3.4-991,weaker,yes,0,,,,,,,,,,0,1,0,0,-1,3,0.345800002,0,0,2.666666667
575,UFM/UFDM,683,Uganda,0,,,,,500,57501,0,,118,1982,1982,1,0,0,0,0,0,0,0,0,0,0,0,0,0,0,0,0.23,0.073,NSA.3.4-976,much weaker,yes,0,,,,,,,,,,0,1,0,0,-2,1,0.369500011,0,0,3
149,HSM,5312,Uganda,0,,,,,500,14901,0,483,118,1986,1987,1,0,0,0,0,0,0,0,0,0,0,0,0,0,0,0,0.1265,0.0785,NSA.3.4-943,much weaker,yes,0,no,no,0,no,no,,2,,1,0,1,0,0,-2,2,0.123600002,0,0,3
706,UPDA,685,Uganda,0,,,,,500,70601,0,484,118,1986,1987,1,0,0,0,0,0,0,0,1,1,1,1,0,1,1,0,0.1265,0.0785,NSA.3.4-994,weaker,yes,0,no,no,0,no,no,,0,,,0,1,1,0,-1,2,0.123600002,0,0,3
148,UPA,5311,Uganda,0,,,,,500,14801,0,486,118,1987,1992,1,0,0,0,0,0,0,0,0,0,0,0,0,0,0,0.5,0.203166667,0.138833333,NSA.3.4-940,weaker,yes,0,no,no,0,no,no,1,1,1,1,1,1,0,0,-1,6,0.127716667,0,0,2.166666667
708,Lord's Army,687,Uganda,0,,,,,500,70801,0,487,118,1988,1988,1,0,0,0,0,0,0,0,0,0,0,0,0,0,0,0,0.135,0.122,NSA.3.4-997,much weaker,yes,0,explicit,no,0,no,no,,0,,,0,1,0,0,-2,1,0.118900001,0,0,3
152,WNBF,5315,Uganda,1,0,0,1,1,500,15201,0,490,118,1996,1996,1,0,0,0,0,0,0,2,2,0,2,2,2,0,2,0,0.279,0.203,NSA.3.4-952,much weaker,yes,0,no,no,1,no,no,1,0,1,1,0,1,0,0,-2,1,0.347000003,0,0,3
153,ADF,5316,Uganda,1,0,0,1,1,500,15304,0,489,118,1996,2014,0,0,1,1,0,0,0,4,0,0,4,2,4,0,0,0,0.318,0.231583333,NSA.3.4-958,weaker,,0,explicit,no,1,major,no,1,1,1,1,0,1,1,0,,7,,,0,2
431,UNRF II,691,Uganda,1,0,0,1,1,500,43101,0,491,118,1997,1997,1,0,0,0,0,0,0,0,0,0,1,0,0,0,0,0,0.316,0.213,NSA.3.4-961,weaker,yes,0,explicit,explicit,1,no,no,,0,,,0,1,0,0,-1,1,0.347299993,0,0,3
868,Maidan,14085,Ukraine,0,,,,,369,1408501,0,,280,2014,2014,0,1,0,1,0,0,0,0,0,0,0,0,0,0,0,0,0.42,0.299,,,,,,,,,,,,,,,,,,,,,,,
869,DPR,14124,Ukraine,0,,,,,369,1412401,0,,281,2014,2014,0,1,0,1,0,0,0,0,0,0,0,0,0,0,0,0,0.42,0.299,,,,,,,,,,,,,,,,,,,,,,,
871,United Armed Forces of Novorossiya,14210,Ukraine,0,,,,,369,1421001,0,,283,2014,2014,0,1,0,1,0,0,0,0,0,0,0,0,0,0,0,0,0.42,0.299,,,,,,,,,,,,,,,,,,,,,,,
14184,LPR,14184,Ukraine,0,,,,,369,1418401,0,,282,2014,2014,0,1,0,1,0,0,0,0,0,0,0,0,0,0,0,0,0.42,0.299,,,,,,,,,,,,,,0,0,0,0,,1,,,1,1
216,PIRA/IRA,5367,United Kingdom,0,,,,,200,21601,0,,119,1971,1991,1,0,0,0,0,0,0,0,0,0,2,0,0,0,0,0,0.823714286,0.575857143,NSA.3.4-1000,much weaker,yes,0,no,explicit,1,minor,explicit,0,,,,0,0.666666667,0,0,-2,21,0.890423812,0,1,1
248,Real IRA,5395,United Kingdom,0,,,,,200,24801,1,,119,1998,1998,0,1,0,1,0,0,2,0,0,2,2,2,0,2,2,0,0.825,0.574,NSA.3.4-1003,much weaker,yes,0,no,no,1,minor,explicit,1,,,1,0,1,0,0,-2,1,0.9727,0,1,1
360,al-Qaida [The Base],5494,United States of America,0,,,,,2,36001,0,,224,2001,2014,0,1,0,1,0,0,0,0,0,0,0,0,0,0,0,0,0.8835,0.64,NSA.3.4-1627,much weaker,yes,1,explicit,,1,major,explicit,1,,,1,0,1,0,0,,14,,,0,1
491,MLN  or Tupamaros,5652,Uruguay,0,,,,,165,49101,0,,123,1972,1972,1,0,0,0,0,0,0,0,0,0,0,0,0,0,0,0,0.505,0.379,NSA.3.4-1033,weaker,yes,0,no,no,0,no,no,,,,,0,0,0,0,-1,1,0.212500006,0,0,1
363,MIU,5497,Uzbekistan,0,,,,,704,36301,0,,221,1999,2000,0,1,0,1,0,0,0,0,2,0,2,2,0,0,2,0,0.159,0.0535,NSA.3.4-1606,weaker,yes,0,explicit,alleged,1,alleged,tacit,1,,,1,0,0,0,0,-1,2,0.036250001,0,0,1
444,JIG,5572,Uzbekistan,0,,,,,704,44401,0,360,221,2004,2004,0,1,0,1,0,0,0,0,0,0,0,0,0,0,0,0,0.157,0.048,NSA.3.4-1609,weaker,no,0,no,no,0,no,tacit,,0,,,0,0,0,0,-1,1,0.032600001,0,0,1
672,Military Faction,573,Venezuela,0,,,,,101,67201,0,,80,1962,1962,1,0,0,0,0,0,0,0,0,0,0,0,0,0,0,0,0.662,0.356,NSA.3.4-601,much weaker,yes,0,no,no,0,no,no,,,,,0,0,1,0,-2,1,0.487899989,0,0,1
778,Bandera Roja,574,Venezuela,0,,,,,101,77801,0,,80,1982,1982,1,0,0,0,0,0,0,0,0,0,0,0,0,0,0,0,0.738,0.41,NSA.3.4-604,much weaker,,0,no,no,0,no,no,,,,,0,0,0,0,-2,1,0.58950001,0,0,1
475,Military faction (forces of Hugo Ch�vez),930,Venezuela,0,,,,,101,47501,0,,80,1992,1992,1,0,0,0,0,0,0,0,2,0,0,2,0,0,2,0,0.751,0.5,NSA.3.4-598,weaker,yes,0,no,no,0,no,no,,,,,0,0,1,0,-1,1,0.504299998,0,0,1
615,Opposition coalition,1173,Yemen (North Yemen),0,,,,,678,61501,0,,33,1948,1948,1,0,0,0,0,0,0,0,0,0,0,0,0,0,0,0,0.019,0.009,NSA.3.4-187,stronger,yes,0,no,no,0,no,no,,,,,0,1,1,0,1,1,0.057399999,0,0,1
616,Royalists,1174,Yemen (North Yemen),0,,,,,678,61601,0,,33,1962,1970,1,0,0,0,0,0,0,0,0,2,2,0,0,0,0,0,0.025111111,0.014,NSA.3.4-190,weaker,yes,0,explicit,explicit,1,no,no,,,,,0,1,0,0,-1,9,0.295233334,0,0,1
617,National Democratic Front,458,Yemen (North Yemen),0,,,,,678,61701,0,,33,1979,1982,1,0,0,0,0,0,0,2,0,0,1,1,2,0,0,0,0.09075,0.01425,NSA.3.4-193,much weaker,yes,0,explicit,explicit,1,no,no,,,,,0,1,0,0,-2,4,0.2764,0,0,1
375,Democratic Republic of Yemen,5507,Yemen (North Yemen),0,,,,,678,37501,0,353,207,1994,1994,1,0,0,0,0,0,0,3,3,0,0,3,3,0,3,0,,,NSA.3.4-1552,weaker,yes,0,explicit,explicit,0,no,no,1,0,,1,0,1,1,0,-1,1,,,1,1
784,AQAP,459,Yemen (North Yemen),0,,,,,678,78401,0,881,33,2009,2014,0,1,0,1,0,0,0,0,0,0,0,0,0,0,0,0,,,NSA.3.4-196,weaker,yes,0,explicit,no,0,major,explicit,,0,,,0,1,0,0,,6,,,0,1.166666667
10855,Ansarallah,10855,Yemen (North Yemen),0,,,,,678,1085501,0,,33,2014,2014,0,1,0,1,0,0,0,0,0,0,0,0,0,0,0,0,,,,,,,,,,,,,,,,0,1,0,0,,1,,,0,2
565,ZAPU,1168,Zimbabwe (Rhodesia),0,,,,,552,56502,0,,122,1967,1974,1,0,0,0,0,0,0,0,0,0,4,0,0,0,0,0,0.19425,0.103,NSA.3.4-1027,much weaker,yes,0,no,explicit,1,no,tacit,,,,,0,0,0,0,-2,2,,0,0,1.5
560,ZANU,944,Zimbabwe (Rhodesia),0,,,,,552,56001,0,,122,1973,1976,1,0,0,0,0,0,0,0,0,0,2,0,0,0,0,0,0.19375,0.1025,NSA.3.4-1021,much weaker,yes,0,no,explicit,1,no,tacit,,,,,0,0.25,0,0,-2,4,0.806675002,0,0,1.75
712,ZANU-PF,1192,Zimbabwe (Rhodesia),0,,,,,552,71201,0,,122,1976,1979,1,0,0,0,0,0,0,0,2,2,2,2,0,0,2,0,0.148,0.09425,NSA.3.4-1030,weaker,yes,0,no,explicit,1,no,tacit,,,,,0,1,0,0,-1,4,0.725224987,0,0,1.25
10961,,,,0,,,,,,,,,,,,,,,,,,,,,,,,,,,,,,,,,,,,,,,,,,,0,1,0,0,,1,,,0,4
11377,,,,0,,,,,,,,,,,,,,,,,,,,,,,,,,,,,,,,,,,,,,,,,,,0,1,0,0,,1,,,0,2
12463,,,,0,,,,,,,,,,,,,,,,,,,,,,,,,,,,,,,,,,,,,,,,,,,1,1,0,0,,1,,0,0,3
12487,,,,0,,,,,,,,,,,,,,,,,,,,,,,,,,,,,,,,,,,,,,,,,,,0,0,0,0,,1,,,0,1
12582,,,,0,,,,,,,,,,,,,,,,,,,,,,,,,,,,,,,,,,,,,,,,,,,0,1,0,0,,1,,,0,2
14059,,,,0,,,,,,,,,,,,,,,,,,,,,,,,,,,,,,,,,,,,,,,,,,,0,1,0,0,,1,,,0,2
14085,,,,0,,,,,,,,,,,,,,,,,,,,,,,,,,,,,,,,,,,,,,,,,,,0,0,0,0,,1,,,0,1
14102,,,,0,,,,,,,,,,,,,,,,,,,,,,,,,,,,,,,,,,,,,,,,,,,0,0,0,0,,2,,,1,1
14124,,,,0,,,,,,,,,,,,,,,,,,,,,,,,,,,,,,,,,,,,,,,,,,,0,1,0,0,,1,,,1,1
14134,,,,0,,,,,,,,,,,,,,,,,,,,,,,,,,,,,,,,,,,,,,,,,,,0,1,0,0,,1,,,0,3
14150,,,,0,,,,,,,,,,,,,,,,,,,,,,,,,,,,,,,,,,,,,,,,,,,0,1,0,0,,1,,,0,3
14210,,,,0,,,,,,,,,,,,,,,,,,,,,,,,,,,,,,,,,,,,,,,,,,,0,1,0,0,,1,,,1,1
14227,,,,0,,,,,,,,,,,,,,,,,,,,,,,,,,,,,,,,,,,,,,,,,,,0,1,0,0,,1,,,0,4
14244,,,,0,,,,,,,,,,,,,,,,,,,,,,,,,,,,,,,,,,,,,,,,,,,0,1,0,0,,1,,,0,1
14249,,,,0,,,,,,,,,,,,,,,,,,,,,,,,,,,,,,,,,,,,,,,,,,,0,1,0,0,,1,,,0,2
14273,,,,0,,,,,,,,,,,,,,,,,,,,,,,,,,,,,,,,,,,,,,,,,,,0,0,0,0,,2,,,1,1